--MEMBER(회원)
INSERT INTO MEMBER (MEM_NO,MEM_NAME,MEM_ID,MEM_PWD,MEM_NICK,MEM_PHONE_NUM,MEM_EMAIL)
VALUES (SEQ_MEMBER.NEXTVAL, '박범렬','qjafuf1', '1111','범렬','01064503621','qjafuf@naver.com');
INSERT INTO MEMBER (MEM_NO,MEM_NAME,MEM_ID,MEM_PWD,MEM_NICK,MEM_PHONE_NUM,MEM_EMAIL)
VALUES (SEQ_MEMBER.NEXTVAL, '이예지','dpwl2', '2222','예지','01023231621','dpwl@naver.com');
INSERT INTO MEMBER (MEM_NO,MEM_NAME,MEM_ID,MEM_PWD,MEM_NICK,MEM_PHONE_NUM,MEM_EMAIL)
VALUES (SEQ_MEMBER.NEXTVAL, '현지연','wldus3', '3333','지연','01023123151','wldus@naver.com');
INSERT INTO MEMBER (MEM_NO,MEM_NAME,MEM_ID,MEM_PWD,MEM_NICK,MEM_PHONE_NUM,MEM_EMAIL)
VALUES (SEQ_MEMBER.NEXTVAL, '김광희','rhkdgml4', '4444','광희','01023412231','rhkdgml@naver.com');
INSERT INTO MEMBER (MEM_NO,MEM_NAME,MEM_ID,MEM_PWD,MEM_NICK,MEM_PHONE_NUM,MEM_EMAIL)
VALUES (SEQ_MEMBER.NEXTVAL, '전옥진','dhrwls5', '5555','옥진','01068646721','dhrwls@naver.com');
INSERT INTO MEMBER (MEM_NO,MEM_NAME,MEM_ID,MEM_PWD,MEM_NICK,MEM_PHONE_NUM,MEM_EMAIL)
VALUES (SEQ_MEMBER.NEXTVAL, '양덕기','ejrrl6', '6666','덕기','01025616123','ejrrl@naver.com');
INSERT INTO MEMBER (MEM_NO,MEM_NAME,MEM_ID,MEM_PWD,MEM_NICK,MEM_PHONE_NUM,MEM_EMAIL)
VALUES (SEQ_MEMBER.NEXTVAL, '장지엽','wlduq7', '7777','지엽','01012685433','wlduq@naver.com');
INSERT INTO MEMBER (MEM_NO,MEM_NAME,MEM_ID,MEM_PWD,MEM_NICK,MEM_PHONE_NUM,MEM_EMAIL)
VALUES (SEQ_MEMBER.NEXTVAL, '최지우','wldn8', '8888','지우','01017847456','wldn@naver.com');
INSERT INTO MEMBER (MEM_NO,MEM_NAME,MEM_ID,MEM_PWD,MEM_NICK,MEM_PHONE_NUM,MEM_EMAIL)
VALUES (SEQ_MEMBER.NEXTVAL, '성병주','qudwn9', '9999','병주','01016746556','qudwn@naver.com');
INSERT INTO MEMBER (MEM_NO,MEM_NAME,MEM_ID,MEM_PWD,MEM_NICK,MEM_PHONE_NUM,MEM_EMAIL)
VALUES (SEQ_MEMBER.NEXTVAL, '김지섭','wltjq10', '1010','지섭','01064856845','wltjq@naver.com');

--FOLLOW_LIST(구독)
INSERT INTO FOLLOW_LIST (FOLLOWING_MEM,FOLLOW_MEM)VALUES (1,2);
INSERT INTO FOLLOW_LIST (FOLLOWING_MEM,FOLLOW_MEM)VALUES (2,4);
INSERT INTO FOLLOW_LIST (FOLLOWING_MEM,FOLLOW_MEM)VALUES (6,7);
INSERT INTO FOLLOW_LIST (FOLLOWING_MEM,FOLLOW_MEM)VALUES (8,1);
INSERT INTO FOLLOW_LIST (FOLLOWING_MEM,FOLLOW_MEM)VALUES (2,5);
INSERT INTO FOLLOW_LIST (FOLLOWING_MEM,FOLLOW_MEM)VALUES (10,2);
INSERT INTO FOLLOW_LIST (FOLLOWING_MEM,FOLLOW_MEM)VALUES (3,6);
INSERT INTO FOLLOW_LIST (FOLLOWING_MEM,FOLLOW_MEM)VALUES (6,3);
INSERT INTO FOLLOW_LIST (FOLLOWING_MEM,FOLLOW_MEM)VALUES (7,2);
INSERT INTO FOLLOW_LIST (FOLLOWING_MEM,FOLLOW_MEM)VALUES (5,10);

--덕기
--ADMIN (관리자)
INSERT INTO ADMIN(ADMIN_NO,ADMIN_ID,ADMIN_PWD,ADMIN_NAME) VALUES (SEQ_ADMIN.NEXTVAL,'ADMIN','1234','초기관리자');
INSERT INTO ADMIN(ADMIN_NO,ADMIN_ID,ADMIN_PWD,ADMIN_NAME) VALUES (SEQ_ADMIN.NEXTVAL,'ADMIN01','1234','관리자01');
INSERT INTO ADMIN(ADMIN_NO,ADMIN_ID,ADMIN_PWD,ADMIN_NAME) VALUES (SEQ_ADMIN.NEXTVAL,'ADMIN02','1234','관리자02');
INSERT INTO ADMIN(ADMIN_NO,ADMIN_ID,ADMIN_PWD,ADMIN_NAME) VALUES (SEQ_ADMIN.NEXTVAL,'ADMIN03','1234','관리자03');
INSERT INTO ADMIN(ADMIN_NO,ADMIN_ID,ADMIN_PWD,ADMIN_NAME) VALUES (SEQ_ADMIN.NEXTVAL,'ADMIN04','1234','관리자04');
INSERT INTO ADMIN(ADMIN_NO,ADMIN_ID,ADMIN_PWD,ADMIN_NAME) VALUES (SEQ_ADMIN.NEXTVAL,'ADMIN05','1234','관리자05');
INSERT INTO ADMIN(ADMIN_NO,ADMIN_ID,ADMIN_PWD,ADMIN_NAME) VALUES (SEQ_ADMIN.NEXTVAL,'ADMIN06','1234','관리자06');
INSERT INTO ADMIN(ADMIN_NO,ADMIN_ID,ADMIN_PWD,ADMIN_NAME) VALUES (SEQ_ADMIN.NEXTVAL,'ADMIN07','1234','관리자07');
INSERT INTO ADMIN(ADMIN_NO,ADMIN_ID,ADMIN_PWD,ADMIN_NAME) VALUES (SEQ_ADMIN.NEXTVAL,'ADMIN08','1234','관리자08');
INSERT INTO ADMIN(ADMIN_NO,ADMIN_ID,ADMIN_PWD,ADMIN_NAME) VALUES (SEQ_ADMIN.NEXTVAL,'ADMIN09','1234','관리자09');
INSERT INTO ADMIN(ADMIN_NO,ADMIN_ID,ADMIN_PWD,ADMIN_NAME) VALUES (SEQ_ADMIN.NEXTVAL,'ADMIN10','1234','관리자10');
commit;

--NOTICE (공지사항)
INSERT INTO NOTICE(NOTICE_NO,ADMIN_NO,TITLE,CONTENT) VALUES (SEQ_NOTICE.NEXTVAL,'1','공지사항 테스트 입니다.','TEST_TEST_TEST_TEST_TEST_TEST_TEST_TEST_TEST_TEST_TEST_TEST_TEST_TEST_TEST');
INSERT INTO NOTICE(NOTICE_NO,ADMIN_NO,TITLE,CONTENT) VALUES (SEQ_NOTICE.NEXTVAL,'1','공지사항 테스트 입니다.','TEST_TEST_TEST_TEST_TEST_TEST_TEST_TEST_TEST_TEST_TEST_TEST_TEST_TEST_TEST');
INSERT INTO NOTICE(NOTICE_NO,ADMIN_NO,TITLE,CONTENT) VALUES (SEQ_NOTICE.NEXTVAL,'2','공지사항 테스트 입니다.','TEST_TEST_TEST_TEST_TEST_TEST_TEST_TEST_TEST_TEST_TEST_TEST_TEST_TEST_TEST');
INSERT INTO NOTICE(NOTICE_NO,ADMIN_NO,TITLE,CONTENT) VALUES (SEQ_NOTICE.NEXTVAL,'3','공지사항 테스트 입니다.','TEST_TEST_TEST_TEST_TEST_TEST_TEST_TEST_TEST_TEST_TEST_TEST_TEST_TEST_TEST');
INSERT INTO NOTICE(NOTICE_NO,ADMIN_NO,TITLE,CONTENT) VALUES (SEQ_NOTICE.NEXTVAL,'5','공지사항 테스트 입니다.','TEST_TEST_TEST_TEST_TEST_TEST_TEST_TEST_TEST_TEST_TEST_TEST_TEST_TEST_TEST');
INSERT INTO NOTICE(NOTICE_NO,ADMIN_NO,TITLE,CONTENT) VALUES (SEQ_NOTICE.NEXTVAL,'4','공지사항 테스트 입니다.','TEST_TEST_TEST_TEST_TEST_TEST_TEST_TEST_TEST_TEST_TEST_TEST_TEST_TEST_TEST');
INSERT INTO NOTICE(NOTICE_NO,ADMIN_NO,TITLE,CONTENT) VALUES (SEQ_NOTICE.NEXTVAL,'2','공지사항 테스트 입니다.','TEST_TEST_TEST_TEST_TEST_TEST_TEST_TEST_TEST_TEST_TEST_TEST_TEST_TEST_TEST');
INSERT INTO NOTICE(NOTICE_NO,ADMIN_NO,TITLE,CONTENT) VALUES (SEQ_NOTICE.NEXTVAL,'2','공지사항 테스트 입니다.','TEST_TEST_TEST_TEST_TEST_TEST_TEST_TEST_TEST_TEST_TEST_TEST_TEST_TEST_TEST');
INSERT INTO NOTICE(NOTICE_NO,ADMIN_NO,TITLE,CONTENT) VALUES (SEQ_NOTICE.NEXTVAL,'1','공지사항 테스트 입니다.','TEST_TEST_TEST_TEST_TEST_TEST_TEST_TEST_TEST_TEST_TEST_TEST_TEST_TEST_TEST');
INSERT INTO NOTICE(NOTICE_NO,ADMIN_NO,TITLE,CONTENT) VALUES (SEQ_NOTICE.NEXTVAL,'1','공지사항 테스트 입니다.','TEST_TEST_TEST_TEST_TEST_TEST_TEST_TEST_TEST_TEST_TEST_TEST_TEST_TEST_TEST');
commit;

-- CUSTOMER_CENTER (고객센터)
INSERT INTO CUSTOMER_CENTER(Q_NO,MEM_NO,Q_TIT,Q_CON,QUESTION_CATEGORY) VALUES 
(SEQ_CUSTOMER_CENTER.NEXTVAL,'1','1:1문의 테스트 입니다.','TEST_TEST_TEST_TEST_TEST_TEST_TEST_TEST_TEST_TEST_TEST_TEST_TEST_TEST_TEST','NM');
INSERT INTO CUSTOMER_CENTER(Q_NO,MEM_NO,Q_TIT,Q_CON,QUESTION_CATEGORY) VALUES 
(SEQ_CUSTOMER_CENTER.NEXTVAL,'2','1:1문의 테스트 입니다.','TEST_TEST_TEST_TEST_TEST_TEST_TEST_TEST_TEST_TEST_TEST_TEST_TEST_TEST_TEST','NM');
INSERT INTO CUSTOMER_CENTER(Q_NO,MEM_NO,Q_TIT,Q_CON,QUESTION_CATEGORY) VALUES 
(SEQ_CUSTOMER_CENTER.NEXTVAL,'3','1:1문의 테스트 입니다.','TEST_TEST_TEST_TEST_TEST_TEST_TEST_TEST_TEST_TEST_TEST_TEST_TEST_TEST_TEST','NM');
INSERT INTO CUSTOMER_CENTER(Q_NO,MEM_NO,Q_TIT,Q_CON,QUESTION_CATEGORY) VALUES 
(SEQ_CUSTOMER_CENTER.NEXTVAL,'4','1:1문의 테스트 입니다.','TEST_TEST_TEST_TEST_TEST_TEST_TEST_TEST_TEST_TEST_TEST_TEST_TEST_TEST_TEST','NM');
INSERT INTO CUSTOMER_CENTER(Q_NO,MEM_NO,Q_TIT,Q_CON,QUESTION_CATEGORY) VALUES 
(SEQ_CUSTOMER_CENTER.NEXTVAL,'1','1:1문의 테스트 입니다.','TEST_TEST_TEST_TEST_TEST_TEST_TEST_TEST_TEST_TEST_TEST_TEST_TEST_TEST_TEST','NM');
INSERT INTO CUSTOMER_CENTER(Q_NO,MEM_NO,Q_TIT,Q_CON,QUESTION_CATEGORY) VALUES 
(SEQ_CUSTOMER_CENTER.NEXTVAL,'1','1:1문의 테스트 입니다.','TEST_TEST_TEST_TEST_TEST_TEST_TEST_TEST_TEST_TEST_TEST_TEST_TEST_TEST_TEST','NM');
INSERT INTO CUSTOMER_CENTER(Q_NO,MEM_NO,Q_TIT,Q_CON,QUESTION_CATEGORY) VALUES 
(SEQ_CUSTOMER_CENTER.NEXTVAL,'2','1:1문의 테스트 입니다.','TEST_TEST_TEST_TEST_TEST_TEST_TEST_TEST_TEST_TEST_TEST_TEST_TEST_TEST_TEST','NM');
INSERT INTO CUSTOMER_CENTER(Q_NO,MEM_NO,Q_TIT,Q_CON,QUESTION_CATEGORY) VALUES 
(SEQ_CUSTOMER_CENTER.NEXTVAL,'3','1:1문의 테스트 입니다.','TEST_TEST_TEST_TEST_TEST_TEST_TEST_TEST_TEST_TEST_TEST_TEST_TEST_TEST_TEST','NM');
INSERT INTO CUSTOMER_CENTER(Q_NO,MEM_NO,Q_TIT,Q_CON,QUESTION_CATEGORY) VALUES 
(SEQ_CUSTOMER_CENTER.NEXTVAL,'2','1:1문의 테스트 입니다.','TEST_TEST_TEST_TEST_TEST_TEST_TEST_TEST_TEST_TEST_TEST_TEST_TEST_TEST_TEST','NM');
INSERT INTO CUSTOMER_CENTER(Q_NO,MEM_NO,Q_TIT,Q_CON,QUESTION_CATEGORY) VALUES 
(SEQ_CUSTOMER_CENTER.NEXTVAL,'1','1:1문의 테스트 입니다.','TEST_TEST_TEST_TEST_TEST_TEST_TEST_TEST_TEST_TEST_TEST_TEST_TEST_TEST_TEST','NM');

--지연
INSERT INTO BLOG (BLOG_NO, MEM_NO, OPEN_YN, LAYOUT, SKIN, CLOCK_YN, MAP_YN, R_COMMENTS_YN, FOLLOW_BLOG_YN, VISITORS_CNT_YN, BLOG_IMG, R_COMMENTS, VISIT_CNT)
VALUES (SEQ_BLOG_NO.NEXTVAL, 1, 'Y', '1', '1', 'N', 'N', 'N', 'N', 'N', 'blog1.jpg', '1', 0);
INSERT INTO BLOG (BLOG_NO, MEM_NO, OPEN_YN, LAYOUT, SKIN, CLOCK_YN, MAP_YN, R_COMMENTS_YN, FOLLOW_BLOG_YN, VISITORS_CNT_YN, BLOG_IMG, R_COMMENTS, VISIT_CNT)
VALUES (SEQ_BLOG_NO.NEXTVAL, 1, 'Y', '2', '2', 'N', 'N', 'N', 'N', 'N', 'blog2.jpg', '1', 0);
INSERT INTO BLOG (BLOG_NO, MEM_NO, OPEN_YN, LAYOUT, SKIN, CLOCK_YN, MAP_YN, R_COMMENTS_YN, FOLLOW_BLOG_YN, VISITORS_CNT_YN, BLOG_IMG, R_COMMENTS, VISIT_CNT)
VALUES (SEQ_BLOG_NO.NEXTVAL, 2, 'Y', '3', '3', 'N', 'N', 'N', 'N', 'N', 'blog3.jpg', '1', 0);
INSERT INTO BLOG (BLOG_NO, MEM_NO, OPEN_YN, LAYOUT, SKIN, CLOCK_YN, MAP_YN, R_COMMENTS_YN, FOLLOW_BLOG_YN, VISITORS_CNT_YN, BLOG_IMG, R_COMMENTS, VISIT_CNT)
VALUES (SEQ_BLOG_NO.NEXTVAL, 3, 'Y', '2', '4', 'N', 'N', 'N', 'N', 'N', 'blog4.jpg', '1', 0);
INSERT INTO BLOG (BLOG_NO, MEM_NO, OPEN_YN, LAYOUT, SKIN, CLOCK_YN, MAP_YN, R_COMMENTS_YN, FOLLOW_BLOG_YN, VISITORS_CNT_YN, BLOG_IMG, R_COMMENTS, VISIT_CNT)
VALUES (SEQ_BLOG_NO.NEXTVAL, 4, 'Y', '3', '5', 'N', 'N', 'N', 'N', 'N', 'blog5.jpg', '1', 0);
INSERT INTO BLOG (BLOG_NO, MEM_NO, OPEN_YN, LAYOUT, SKIN, CLOCK_YN, MAP_YN, R_COMMENTS_YN, FOLLOW_BLOG_YN, VISITORS_CNT_YN, BLOG_IMG, R_COMMENTS, VISIT_CNT)
VALUES (SEQ_BLOG_NO.NEXTVAL, 4, 'Y', '1', '6', 'N', 'N', 'N', 'N', 'N', 'blog6.jpg', '1', 0);
INSERT INTO BLOG (BLOG_NO, MEM_NO, OPEN_YN, LAYOUT, SKIN, CLOCK_YN, MAP_YN, R_COMMENTS_YN, FOLLOW_BLOG_YN, VISITORS_CNT_YN, BLOG_IMG, R_COMMENTS, VISIT_CNT)
VALUES (SEQ_BLOG_NO.NEXTVAL, 5, 'Y', '2', '1', 'N', 'N', 'N', 'N', 'N', 'blog7.jpg', '1', 0);
INSERT INTO BLOG (BLOG_NO, MEM_NO, OPEN_YN, LAYOUT, SKIN, CLOCK_YN, MAP_YN, R_COMMENTS_YN, FOLLOW_BLOG_YN, VISITORS_CNT_YN, BLOG_IMG, R_COMMENTS, VISIT_CNT)
VALUES (SEQ_BLOG_NO.NEXTVAL, 6, 'Y', '3', '2', 'N', 'N', 'N', 'N', 'N', 'blog8.jpg', '1', 0);
INSERT INTO BLOG (BLOG_NO, MEM_NO, OPEN_YN, LAYOUT, SKIN, CLOCK_YN, MAP_YN, R_COMMENTS_YN, FOLLOW_BLOG_YN, VISITORS_CNT_YN, BLOG_IMG, R_COMMENTS, VISIT_CNT)
VALUES (SEQ_BLOG_NO.NEXTVAL, 7, 'Y', '1', '3', 'N', 'N', 'N', 'N', 'N', 'blog9.jpg', '1', 0);
INSERT INTO BLOG (BLOG_NO, MEM_NO, OPEN_YN, LAYOUT, SKIN, CLOCK_YN, MAP_YN, R_COMMENTS_YN, FOLLOW_BLOG_YN, VISITORS_CNT_YN, BLOG_IMG, R_COMMENTS, VISIT_CNT)
VALUES (SEQ_BLOG_NO.NEXTVAL, 8, 'Y', '1', '4', 'N', 'N', 'N', 'N', 'N', 'blog10.jpg', '1', 0);


-- VISITORS (회원 방문자)
INSERT INTO VISITORS (VISITORS_NO, BLOG_NO, VISITORS_MEM_NO, VISIT_DATE) VALUES (SEQ_VISITORS_NO.NEXTVAL, 1, 2, SYSTIMESTAMP);
INSERT INTO VISITORS (VISITORS_NO, BLOG_NO, VISITORS_MEM_NO, VISIT_DATE) VALUES (SEQ_VISITORS_NO.NEXTVAL, 1, 3, SYSTIMESTAMP);
INSERT INTO VISITORS (VISITORS_NO, BLOG_NO, VISITORS_MEM_NO, VISIT_DATE) VALUES (SEQ_VISITORS_NO.NEXTVAL, 2, 4, SYSTIMESTAMP);
INSERT INTO VISITORS (VISITORS_NO, BLOG_NO, VISITORS_MEM_NO, VISIT_DATE) VALUES (SEQ_VISITORS_NO.NEXTVAL, 2, 5, SYSTIMESTAMP);
INSERT INTO VISITORS (VISITORS_NO, BLOG_NO, VISITORS_MEM_NO, VISIT_DATE) VALUES (SEQ_VISITORS_NO.NEXTVAL, 3, 6, SYSTIMESTAMP);
INSERT INTO VISITORS (VISITORS_NO, BLOG_NO, VISITORS_MEM_NO, VISIT_DATE) VALUES (SEQ_VISITORS_NO.NEXTVAL, 3, 7, SYSTIMESTAMP);
INSERT INTO VISITORS (VISITORS_NO, BLOG_NO, VISITORS_MEM_NO, VISIT_DATE) VALUES (SEQ_VISITORS_NO.NEXTVAL, 4, 8, SYSTIMESTAMP);
INSERT INTO VISITORS (VISITORS_NO, BLOG_NO, VISITORS_MEM_NO, VISIT_DATE) VALUES (SEQ_VISITORS_NO.NEXTVAL, 4, 9, SYSTIMESTAMP);
INSERT INTO VISITORS (VISITORS_NO, BLOG_NO, VISITORS_MEM_NO, VISIT_DATE) VALUES (SEQ_VISITORS_NO.NEXTVAL, 5, 10, SYSTIMESTAMP);
INSERT INTO VISITORS (VISITORS_NO, BLOG_NO, VISITORS_MEM_NO, VISIT_DATE) VALUES (SEQ_VISITORS_NO.NEXTVAL, 5, 1, SYSTIMESTAMP);

-- BLOG (블로그)


-- MYBLOG_CATEGORY(내 블로그 카테고리)
INSERT INTO MYBLOG_CATEGORY (GROUP_NO, BLOG_NO, GROUP_NAME) VALUES (SEQ_GROUP_NO.NEXTVAL, 1, 'Category1');
INSERT INTO MYBLOG_CATEGORY (GROUP_NO, BLOG_NO, GROUP_NAME) VALUES (SEQ_GROUP_NO.NEXTVAL, 1, 'Category2');
INSERT INTO MYBLOG_CATEGORY (GROUP_NO, BLOG_NO, GROUP_NAME) VALUES (SEQ_GROUP_NO.NEXTVAL, 2, 'Category3');
INSERT INTO MYBLOG_CATEGORY (GROUP_NO, BLOG_NO, GROUP_NAME) VALUES (SEQ_GROUP_NO.NEXTVAL, 2, 'Category4');
INSERT INTO MYBLOG_CATEGORY (GROUP_NO, BLOG_NO, GROUP_NAME) VALUES (SEQ_GROUP_NO.NEXTVAL, 3, 'Category5');
INSERT INTO MYBLOG_CATEGORY (GROUP_NO, BLOG_NO, GROUP_NAME) VALUES (SEQ_GROUP_NO.NEXTVAL, 3, 'Category6');
INSERT INTO MYBLOG_CATEGORY (GROUP_NO, BLOG_NO, GROUP_NAME) VALUES (SEQ_GROUP_NO.NEXTVAL, 4, 'Category7');
INSERT INTO MYBLOG_CATEGORY (GROUP_NO, BLOG_NO, GROUP_NAME) VALUES (SEQ_GROUP_NO.NEXTVAL, 4, 'Category8');
INSERT INTO MYBLOG_CATEGORY (GROUP_NO, BLOG_NO, GROUP_NAME) VALUES (SEQ_GROUP_NO.NEXTVAL, 5, 'Category9');
INSERT INTO MYBLOG_CATEGORY (GROUP_NO, BLOG_NO, GROUP_NAME) VALUES (SEQ_GROUP_NO.NEXTVAL, 5, 'Category10');

--옥진
-- CATEGORY_LIST(카테고리)
INSERT INTO CATEGORY_LIST (CATEGORY_NO, CATEGORY_NAME) VALUES (SEQ_CATEGORY_LIST_NO.NEXTVAL, '미술/디자인');
INSERT INTO CATEGORY_LIST (CATEGORY_NO, CATEGORY_NAME) VALUES (SEQ_CATEGORY_LIST_NO.NEXTVAL, '반려동물');
INSERT INTO CATEGORY_LIST (CATEGORY_NO, CATEGORY_NAME) VALUES (SEQ_CATEGORY_LIST_NO.NEXTVAL, '사진');
INSERT INTO CATEGORY_LIST (CATEGORY_NO, CATEGORY_NAME) VALUES (SEQ_CATEGORY_LIST_NO.NEXTVAL, '어학/외국어');
INSERT INTO CATEGORY_LIST (CATEGORY_NO, CATEGORY_NAME) VALUES (SEQ_CATEGORY_LIST_NO.NEXTVAL, '게임');
INSERT INTO CATEGORY_LIST (CATEGORY_NO, CATEGORY_NAME) VALUES (SEQ_CATEGORY_LIST_NO.NEXTVAL, '자동차');
INSERT INTO CATEGORY_LIST (CATEGORY_NO, CATEGORY_NAME) VALUES (SEQ_CATEGORY_LIST_NO.NEXTVAL, '맛집');

-- POST(포스트)
INSERT INTO POST (POST_NO, BLOG_NO, CATEGORY_NO, GROUP_NO, TITLE, CONTENT) VALUES (SEQ_POST_NO.NEXTVAL, 1, 1, 1, '제목01', '내용01');
INSERT INTO POST (POST_NO, BLOG_NO, CATEGORY_NO, GROUP_NO, TITLE, CONTENT) VALUES (SEQ_POST_NO.NEXTVAL, 2, 2, 2, '제목02', '내용02');
INSERT INTO POST (POST_NO, BLOG_NO, CATEGORY_NO, GROUP_NO, TITLE, CONTENT) VALUES (SEQ_POST_NO.NEXTVAL, 3, 3, 3, '제목03', '내용03');
INSERT INTO POST (POST_NO, BLOG_NO, CATEGORY_NO, GROUP_NO, TITLE, CONTENT) VALUES (SEQ_POST_NO.NEXTVAL, 4, 4, 4, '제목04', '내용04');
INSERT INTO POST (POST_NO, BLOG_NO, CATEGORY_NO, GROUP_NO, TITLE, CONTENT) VALUES (SEQ_POST_NO.NEXTVAL, 5, 5, 5, '제목05', '내용05');
INSERT INTO POST (POST_NO, BLOG_NO, CATEGORY_NO, GROUP_NO, TITLE, CONTENT) VALUES (SEQ_POST_NO.NEXTVAL, 6, 6, 6, '제목06', '내용06');
INSERT INTO POST (POST_NO, BLOG_NO, CATEGORY_NO, GROUP_NO, TITLE, CONTENT) VALUES (SEQ_POST_NO.NEXTVAL, 7, 7, 7, '제목07', '내용07');
INSERT INTO POST (POST_NO, BLOG_NO, CATEGORY_NO, GROUP_NO, TITLE, CONTENT) VALUES (SEQ_POST_NO.NEXTVAL, 8, 1, 8, '제목08', '내용08');
INSERT INTO POST (POST_NO, BLOG_NO, CATEGORY_NO, GROUP_NO, TITLE, CONTENT) VALUES (SEQ_POST_NO.NEXTVAL, 9, 2, 9, '제목09', '내용09');
INSERT INTO POST (POST_NO, BLOG_NO, CATEGORY_NO, GROUP_NO, TITLE, CONTENT) VALUES (SEQ_POST_NO.NEXTVAL, 10, 3, 10, '제목10', '내용10');
--INSERT INTO POST (POST_NO, BLOG_NO, CATEGORY_NO, GROUP_NO, TITLE, CONTENT) VALUES (SEQ_CATEGORY_LIST_NO.NEXTVAL, 10, 3, 10, '제목10', '내용10');

-- HEART(공감)
INSERT INTO HEART (POST_NO, MEM_NO) VALUES(1, 1);
INSERT INTO HEART (POST_NO, MEM_NO) VALUES(2, 2);
INSERT INTO HEART (POST_NO, MEM_NO) VALUES(3, 3);
INSERT INTO HEART (POST_NO, MEM_NO) VALUES(4, 4);
INSERT INTO HEART (POST_NO, MEM_NO) VALUES(5, 5);
INSERT INTO HEART (POST_NO, MEM_NO) VALUES(6, 6);
INSERT INTO HEART (POST_NO, MEM_NO) VALUES(7, 7);
INSERT INTO HEART (POST_NO, MEM_NO) VALUES(8, 8);
INSERT INTO HEART (POST_NO, MEM_NO) VALUES(9, 9);
INSERT INTO HEART (POST_NO, MEM_NO) VALUES(10, 10);

--ALARM(알람)
INSERT INTO ALARM (ALARM_NO, RECEIVER_NO, POST_NO, SENDER_NO, ALARM_TYPE, ALARM_DATE, ACTIVE_YN) VALUES(1, 1, 1, 1, 'POST_ALARM', TIMESTAMP '2023-11-29 14:01:00', 'N');
INSERT INTO ALARM (ALARM_NO, RECEIVER_NO, POST_NO, SENDER_NO, ALARM_TYPE, ALARM_DATE, ACTIVE_YN) VALUES(2, 2, 2, 2, 'POST_ALARM', TIMESTAMP '2023-11-29 14:02:00', 'N');
INSERT INTO ALARM (ALARM_NO, RECEIVER_NO, POST_NO, SENDER_NO, ALARM_TYPE, ALARM_DATE, ACTIVE_YN) VALUES(3, 3, 3, 3, 'POST_ALARM', TIMESTAMP '2023-11-29 14:03:00', 'N');
INSERT INTO ALARM (ALARM_NO, RECEIVER_NO, POST_NO, SENDER_NO, ALARM_TYPE, ALARM_DATE, ACTIVE_YN) VALUES(4, 4, 4, 4, 'POST_ALARM', TIMESTAMP '2023-11-29 14:04:00', 'N');
INSERT INTO ALARM (ALARM_NO, RECEIVER_NO, POST_NO, SENDER_NO, ALARM_TYPE, ALARM_DATE, ACTIVE_YN) VALUES(5, 5, 5, 5, 'POST_ALARM', TIMESTAMP '2023-11-29 14:05:00', 'N');
INSERT INTO ALARM (ALARM_NO, RECEIVER_NO, POST_NO, SENDER_NO, ALARM_TYPE, ALARM_DATE, ACTIVE_YN) VALUES(6, 6, 6, 6, 'REPL_ALARM', TIMESTAMP '2023-11-29 14:06:00', 'Y');
INSERT INTO ALARM (ALARM_NO, RECEIVER_NO, POST_NO, SENDER_NO, ALARM_TYPE, ALARM_DATE, ACTIVE_YN) VALUES(7, 7, 7, 7, 'REPL_ALARM', TIMESTAMP '2023-11-29 14:07:00', 'Y');
INSERT INTO ALARM (ALARM_NO, RECEIVER_NO, POST_NO, SENDER_NO, ALARM_TYPE, ALARM_DATE, ACTIVE_YN) VALUES(8, 8, 8, 8, 'REPL_ALARM', TIMESTAMP '2023-11-29 14:08:00', 'Y');
INSERT INTO ALARM (ALARM_NO, RECEIVER_NO, POST_NO, SENDER_NO, ALARM_TYPE, ALARM_DATE, ACTIVE_YN) VALUES(9, 9, 9, 9, 'REPL_ALARM', TIMESTAMP '2023-11-29 14:09:00', 'Y');
INSERT INTO ALARM (ALARM_NO, RECEIVER_NO, POST_NO, SENDER_NO, ALARM_TYPE, ALARM_DATE, ACTIVE_YN) VALUES(10, 10, 10, 10, 'REPL_ALARM', TIMESTAMP '2023-11-29 14:10:00', 'Y');

--REPLY(댓글)
INSERT INTO REPLY (REPLY_NO, POST_NO, REPLY_MEM,  CON, WRITE_DATE, DEL_YN) VALUES(1, 1, 1, '나는 더미데이터 댓글입니다 1', TIMESTAMP '2023-11-29 12:01:00', 'N');
INSERT INTO REPLY (REPLY_NO, POST_NO, REPLY_MEM,  CON, WRITE_DATE, DEL_YN) VALUES(2, 2, 2, '나는 더미데이터 댓글입니다 2', TIMESTAMP '2023-11-29 12:02:00', 'N');
INSERT INTO REPLY (REPLY_NO, POST_NO, REPLY_MEM, CON, WRITE_DATE, DEL_YN) VALUES(3, 3, 3, '나는 더미데이터 댓글입니다 3', TIMESTAMP '2023-11-29 12:03:00', 'N');
INSERT INTO REPLY (REPLY_NO, POST_NO, REPLY_MEM,  CON, WRITE_DATE, DEL_YN) VALUES(4, 4, 4, '나는 더미데이터 댓글입니다 4', TIMESTAMP '2023-11-29 12:04:00', 'N');
INSERT INTO REPLY (REPLY_NO, POST_NO, REPLY_MEM,  CON, WRITE_DATE, DEL_YN) VALUES(5, 5, 5, '나는 더미데이터 댓글입니다 5', TIMESTAMP '2023-11-29 12:05:00', 'N');
INSERT INTO REPLY (REPLY_NO, POST_NO, REPLY_MEM,  CON, WRITE_DATE, DEL_YN) VALUES(6, 6, 6, '나는 더미데이터 댓글입니다 6', TIMESTAMP '2023-11-29 12:06:00', 'N');
INSERT INTO REPLY (REPLY_NO, POST_NO, REPLY_MEM, CON, WRITE_DATE, DEL_YN) VALUES(7, 7, 7, '나는 더미데이터 댓글입니다 7', TIMESTAMP '2023-11-29 12:07:00', 'N');
INSERT INTO REPLY (REPLY_NO, POST_NO, REPLY_MEM, CON, WRITE_DATE, DEL_YN) VALUES(8, 8, 8, '나는 더미데이터 댓글입니다 1', TIMESTAMP '2023-11-29 12:08:00', 'N');
INSERT INTO REPLY (REPLY_NO, POST_NO, REPLY_MEM, CON, WRITE_DATE, DEL_YN) VALUES(9, 9, 9, '나는 더미데이터 댓글입니다 9', TIMESTAMP '2023-11-29 12:09:00', 'N');
INSERT INTO REPLY (REPLY_NO, POST_NO, REPLY_MEM, CON, WRITE_DATE, DEL_YN) VALUES(10,10, 10, '나는 더미데이터 댓글입니다 10', TIMESTAMP '2023-11-29 12:10:00', 'N');

--BLAME_REASON(신고 사유 목록)
INSERT INTO BLAME_REASON (BLA_LIST, BLA_REASON) VALUES (1, 'Reason 1');
INSERT INTO BLAME_REASON (BLA_LIST, BLA_REASON) VALUES (2, 'Reason 2');
INSERT INTO BLAME_REASON (BLA_LIST, BLA_REASON) VALUES (3, 'Reason 3');
INSERT INTO BLAME_REASON (BLA_LIST, BLA_REASON) VALUES (4, 'Reason 4');
INSERT INTO BLAME_REASON (BLA_LIST, BLA_REASON) VALUES (5, 'Reason 5');
INSERT INTO BLAME_REASON (BLA_LIST, BLA_REASON) VALUES (6, 'Reason 6');
INSERT INTO BLAME_REASON (BLA_LIST, BLA_REASON) VALUES (7, 'Reason 7');
INSERT INTO BLAME_REASON (BLA_LIST, BLA_REASON) VALUES (8, 'Reason 8');
INSERT INTO BLAME_REASON (BLA_LIST, BLA_REASON) VALUES (9, 'Reason 9');
INSERT INTO BLAME_REASON (BLA_LIST, BLA_REASON) VALUES (10, 'Reason 10');

--REPLY_BLAME(댓글 신고 이력)
INSERT INTO REPLY_BLAME (R_BLA_NO, R_BLAMER_NO, R_NO, R_BLA_LIST, R_BLA_CON, R_BLA_DETAIL, R_BLA_DATE, B_SANC_YN) VALUES(1, 1, 1, 1, '신고사유 1번', '마음에 안 들어요1', TIMESTAMP '2023-11-29 15:01:00', 'N');
INSERT INTO REPLY_BLAME (R_BLA_NO, R_BLAMER_NO, R_NO, R_BLA_LIST, R_BLA_CON, R_BLA_DETAIL, R_BLA_DATE, B_SANC_YN) VALUES(2, 2, 2, 2, '신고사유 2번', '마음에 안 들어요2', TIMESTAMP '2023-11-29 15:02:00', 'N');
INSERT INTO REPLY_BLAME (R_BLA_NO, R_BLAMER_NO, R_NO, R_BLA_LIST, R_BLA_CON, R_BLA_DETAIL, R_BLA_DATE, B_SANC_YN) VALUES(3, 3, 3, 3, '신고사유 3번', '마음에 안 들어요3', TIMESTAMP '2023-11-29 15:03:00', 'N');
INSERT INTO REPLY_BLAME (R_BLA_NO, R_BLAMER_NO, R_NO, R_BLA_LIST, R_BLA_CON, R_BLA_DETAIL, R_BLA_DATE, B_SANC_YN) VALUES(4, 4, 4, 4, '신고사유 4번', '마음에 안 들어요4', TIMESTAMP '2023-11-29 15:04:00', 'N');
INSERT INTO REPLY_BLAME (R_BLA_NO, R_BLAMER_NO, R_NO, R_BLA_LIST, R_BLA_CON, R_BLA_DETAIL, R_BLA_DATE, B_SANC_YN) VALUES(5, 5, 5, 5, '신고사유 5번', '마음에 안 들어요5', TIMESTAMP '2023-11-29 15:05:00', 'N');
INSERT INTO REPLY_BLAME (R_BLA_NO, R_BLAMER_NO, R_NO, R_BLA_LIST, R_BLA_CON, R_BLA_DETAIL, R_BLA_DATE, B_SANC_YN) VALUES(6, 6, 6, 6, '신고사유 6번', '마음에 안 들어요6', TIMESTAMP '2023-11-29 15:06:00', 'N');
INSERT INTO REPLY_BLAME (R_BLA_NO, R_BLAMER_NO, R_NO, R_BLA_LIST, R_BLA_CON, R_BLA_DETAIL, R_BLA_DATE, B_SANC_YN) VALUES(7, 7, 7, 7, '신고사유 7번', '마음에 안 들어요7', TIMESTAMP '2023-11-29 15:07:00', 'N');
INSERT INTO REPLY_BLAME (R_BLA_NO, R_BLAMER_NO, R_NO, R_BLA_LIST, R_BLA_CON, R_BLA_DETAIL, R_BLA_DATE, B_SANC_YN) VALUES(8, 8, 8, 8, '신고사유 8번', '마음에 안 들어요8', TIMESTAMP '2023-11-29 15:08:00', 'N');
INSERT INTO REPLY_BLAME (R_BLA_NO, R_BLAMER_NO, R_NO, R_BLA_LIST, R_BLA_CON, R_BLA_DETAIL, R_BLA_DATE, B_SANC_YN) VALUES(9, 9, 9, 9, '신고사유 9번', '마음에 안 들어요9', TIMESTAMP '2023-11-29 15:09:00', 'N');
INSERT INTO REPLY_BLAME (R_BLA_NO, R_BLAMER_NO, R_NO, R_BLA_LIST, R_BLA_CON, R_BLA_DETAIL, R_BLA_DATE, B_SANC_YN) VALUES(10, 10, 10, 10, '신고사유 10번', '마음에 안 들어요10', TIMESTAMP '2023-11-29 15:10:00', 'N');

--REPLY_SANCTIONS(댓글 신고 제제 이력)
INSERT INTO REPLY_SANCTIONS (R_SANC_NO, R_BLA_NO, BAN_DAY, SANC_DATE)VALUES (SEQ_REPLY_SANCTIONS.NEXTVAL, 1, 7,SYSDATE);
INSERT INTO REPLY_SANCTIONS (R_SANC_NO, R_BLA_NO, BAN_DAY, SANC_DATE) VALUES (SEQ_REPLY_SANCTIONS.NEXTVAL, 2, 3,SYSDATE);
INSERT INTO REPLY_SANCTIONS (R_SANC_NO, R_BLA_NO, BAN_DAY, SANC_DATE) VALUES (SEQ_REPLY_SANCTIONS.NEXTVAL, 3, 1,SYSDATE);
INSERT INTO REPLY_SANCTIONS (R_SANC_NO, R_BLA_NO, BAN_DAY, SANC_DATE) VALUES (SEQ_REPLY_SANCTIONS.NEXTVAL, 4, 2,SYSDATE);
INSERT INTO REPLY_SANCTIONS (R_SANC_NO, R_BLA_NO, BAN_DAY, SANC_DATE) VALUES (SEQ_REPLY_SANCTIONS.NEXTVAL, 5, 6,SYSDATE);
INSERT INTO REPLY_SANCTIONS (R_SANC_NO, R_BLA_NO, BAN_DAY, SANC_DATE) VALUES (SEQ_REPLY_SANCTIONS.NEXTVAL, 6, 3,SYSDATE);
INSERT INTO REPLY_SANCTIONS (R_SANC_NO, R_BLA_NO, BAN_DAY, SANC_DATE) VALUES (SEQ_REPLY_SANCTIONS.NEXTVAL, 7, 2,SYSDATE);
INSERT INTO REPLY_SANCTIONS (R_SANC_NO, R_BLA_NO, BAN_DAY, SANC_DATE) VALUES (SEQ_REPLY_SANCTIONS.NEXTVAL, 8, 1,SYSDATE);
INSERT INTO REPLY_SANCTIONS (R_SANC_NO, R_BLA_NO, BAN_DAY, SANC_DATE) VALUES (SEQ_REPLY_SANCTIONS.NEXTVAL, 9, 6,SYSDATE);
INSERT INTO REPLY_SANCTIONS (R_SANC_NO, R_BLA_NO, BAN_DAY, SANC_DATE) VALUES (SEQ_REPLY_SANCTIONS.NEXTVAL, 10, 6,SYSDATE);




--POST_BLAME(포스트 신고 이력)
INSERT INTO POST_BLAME (P_BLA_NO, P_BLAMER_NO, P_NO, P_BLA_LIST, P_BLA_TIT, P_BLA_CON, P_BLA_DETAIL, P_BLA_DATE, P_SANC_YN)
VALUES (SEQ_POST_BLAME.NEXTVAL, 1,1,1,'제목 ', '내용 ', '상세 내용 ' , SYSTIMESTAMP , 'N');
INSERT INTO POST_BLAME (P_BLA_NO, P_BLAMER_NO, P_NO, P_BLA_LIST, P_BLA_TIT, P_BLA_CON, P_BLA_DETAIL, P_BLA_DATE, P_SANC_YN)
VALUES (SEQ_POST_BLAME.NEXTVAL, 2,2,2,'제목 ', '내용 ', '상세 내용 ' , SYSTIMESTAMP , 'N');
INSERT INTO POST_BLAME (P_BLA_NO, P_BLAMER_NO, P_NO, P_BLA_LIST, P_BLA_TIT, P_BLA_CON, P_BLA_DETAIL, P_BLA_DATE, P_SANC_YN)
VALUES (SEQ_POST_BLAME.NEXTVAL, 3,3,3,'제목 ', '내용 ', '상세 내용 ' , SYSTIMESTAMP , 'N');
INSERT INTO POST_BLAME (P_BLA_NO, P_BLAMER_NO, P_NO, P_BLA_LIST, P_BLA_TIT, P_BLA_CON, P_BLA_DETAIL, P_BLA_DATE, P_SANC_YN)
VALUES (SEQ_POST_BLAME.NEXTVAL, 4,4,4,'제목 ', '내용 ', '상세 내용 ' , SYSTIMESTAMP , 'N');
INSERT INTO POST_BLAME (P_BLA_NO, P_BLAMER_NO, P_NO, P_BLA_LIST, P_BLA_TIT, P_BLA_CON, P_BLA_DETAIL, P_BLA_DATE, P_SANC_YN)
VALUES (SEQ_POST_BLAME.NEXTVAL, 5,5,5,'제목 ', '내용 ', '상세 내용 ' , SYSTIMESTAMP , 'N');
INSERT INTO POST_BLAME (P_BLA_NO, P_BLAMER_NO, P_NO, P_BLA_LIST, P_BLA_TIT, P_BLA_CON, P_BLA_DETAIL, P_BLA_DATE, P_SANC_YN)
VALUES (SEQ_POST_BLAME.NEXTVAL, 6,6,6,'제목 ', '내용 ', '상세 내용 ' , SYSTIMESTAMP , 'N');
INSERT INTO POST_BLAME (P_BLA_NO, P_BLAMER_NO, P_NO, P_BLA_LIST, P_BLA_TIT, P_BLA_CON, P_BLA_DETAIL, P_BLA_DATE, P_SANC_YN)
VALUES (SEQ_POST_BLAME.NEXTVAL, 7,7,7,'제목 ', '내용 ', '상세 내용 ' , SYSTIMESTAMP , 'N');
INSERT INTO POST_BLAME (P_BLA_NO, P_BLAMER_NO, P_NO, P_BLA_LIST, P_BLA_TIT, P_BLA_CON, P_BLA_DETAIL, P_BLA_DATE, P_SANC_YN)
VALUES (SEQ_POST_BLAME.NEXTVAL, 8,8,8,'제목 ', '내용 ', '상세 내용 ' , SYSTIMESTAMP , 'N');
INSERT INTO POST_BLAME (P_BLA_NO, P_BLAMER_NO, P_NO, P_BLA_LIST, P_BLA_TIT, P_BLA_CON, P_BLA_DETAIL, P_BLA_DATE, P_SANC_YN)
VALUES (SEQ_POST_BLAME.NEXTVAL, 9,9,9,'제목 ', '내용 ', '상세 내용 ' , SYSTIMESTAMP , 'N');
INSERT INTO POST_BLAME (P_BLA_NO, P_BLAMER_NO, P_NO, P_BLA_LIST, P_BLA_TIT, P_BLA_CON, P_BLA_DETAIL, P_BLA_DATE, P_SANC_YN)
VALUES (SEQ_POST_BLAME.NEXTVAL, 10,10,10,'제목 ', '내용 ', '상세 내용 ' , SYSTIMESTAMP , 'N');


--POST_SANCTIONS(포스트 신고 제제 이력)
INSERT INTO POST_SANCTIONS (P_SANC_NO,P_BLA_NO,BAN_DAY,SANC_DATE)VALUES (SEQ_POST_SANCTIONS.NEXTVAL,1,3,SYSDATE);
INSERT INTO POST_SANCTIONS (P_SANC_NO,P_BLA_NO,BAN_DAY,SANC_DATE)VALUES (SEQ_POST_SANCTIONS.NEXTVAL,2,1,SYSDATE);
INSERT INTO POST_SANCTIONS (P_SANC_NO,P_BLA_NO,BAN_DAY,SANC_DATE)VALUES (SEQ_POST_SANCTIONS.NEXTVAL,3,7,SYSDATE);
INSERT INTO POST_SANCTIONS (P_SANC_NO,P_BLA_NO,BAN_DAY,SANC_DATE)VALUES (SEQ_POST_SANCTIONS.NEXTVAL,4,5,SYSDATE);
INSERT INTO POST_SANCTIONS (P_SANC_NO,P_BLA_NO,BAN_DAY,SANC_DATE)VALUES (SEQ_POST_SANCTIONS.NEXTVAL,5,30,SYSDATE);
COMMIT;