--MEMBER(회원)
INSERT INTO MEMBER (MEM_NO,MEM_NAME,MEM_ID,MEM_PWD,MEM_NICK,MEM_PHONE_NUM,MEM_EMAIL)
VALUES (SEQ_MEMBER.NEXTVAL, '박범렬','qjafuf1', '1111','범렬','01064503621','qjafuf@naver.com');
INSERT INTO MEMBER (MEM_NO,MEM_NAME,MEM_ID,MEM_PWD,MEM_NICK,MEM_PHONE_NUM,MEM_EMAIL)
VALUES (SEQ_MEMBER.NEXTVAL, '이예지','dpwl2', '2222','예지','01023231621','dpwl@naver.com');
INSERT INTO MEMBER (MEM_NO,MEM_NAME,MEM_ID,MEM_PWD,MEM_NICK,MEM_PHONE_NUM,MEM_EMAIL)
VALUES (SEQ_MEMBER.NEXTVAL, '현지연','wldus3', '3333','지연','01023123151','wldus@naver.com');
INSERT INTO MEMBER (MEM_NO,MEM_NAME,MEM_ID,MEM_PWD,MEM_NICK,MEM_PHONE_NUM,MEM_EMAIL)
VALUES (SEQ_MEMBER.NEXTVAL, '김광희','rhkdgml4', '4444','광희','01023412231','rhkdgml@naver.com');
INSERT INTO MEMBER (MEM_NO,MEM_NAME,MEM_ID,MEM_PWD,MEM_NICK,MEM_PHONE_NUM,MEM_EMAIL)
VALUES (SEQ_MEMBER.NEXTVAL, '전옥진','dhrwls5', '5555','옥진','01068646721','dhrwls@naver.com');
INSERT INTO MEMBER (MEM_NO,MEM_NAME,MEM_ID,MEM_PWD,MEM_NICK,MEM_PHONE_NUM,MEM_EMAIL)
VALUES (SEQ_MEMBER.NEXTVAL, '양덕기','ejrrl6', '6666','덕기','01025616123','ejrrl@naver.com');
INSERT INTO MEMBER (MEM_NO,MEM_NAME,MEM_ID,MEM_PWD,MEM_NICK,MEM_PHONE_NUM,MEM_EMAIL)
VALUES (SEQ_MEMBER.NEXTVAL, '장지엽','wlduq7', '7777','지엽','01012685433','wlduq@naver.com');
INSERT INTO MEMBER (MEM_NO,MEM_NAME,MEM_ID,MEM_PWD,MEM_NICK,MEM_PHONE_NUM,MEM_EMAIL)
VALUES (SEQ_MEMBER.NEXTVAL, '최지우','wldn8', '8888','지우','01017847456','wldn@naver.com');
INSERT INTO MEMBER (MEM_NO,MEM_NAME,MEM_ID,MEM_PWD,MEM_NICK,MEM_PHONE_NUM,MEM_EMAIL)
VALUES (SEQ_MEMBER.NEXTVAL, '성병주','qudwn9', '9999','병주','01016746556','qudwn@naver.com');
INSERT INTO MEMBER (MEM_NO,MEM_NAME,MEM_ID,MEM_PWD,MEM_NICK,MEM_PHONE_NUM,MEM_EMAIL)
VALUES (SEQ_MEMBER.NEXTVAL, '김지섭','wltjq10', '1010','지섭','01064856845','wltjq@naver.com');
INSERT INTO MEMBER (MEM_NO,MEM_NAME,MEM_ID,MEM_PWD,MEM_NICK,MEM_PHONE_NUM,MEM_EMAIL)
VALUES (SEQ_MEMBER.NEXTVAL, '김유저','user0', '0000','유저','01064487612','user@naver.com');
COMMIT;

--FOLLOW(구독)
INSERT INTO FOLLOW (MEM_NO,BLOG_NO)VALUES (1,2);
INSERT INTO FOLLOW (MEM_NO,BLOG_NO)VALUES (2,4);
INSERT INTO FOLLOW (MEM_NO,BLOG_NO)VALUES (6,7);
INSERT INTO FOLLOW (MEM_NO,BLOG_NO)VALUES (8,1);
INSERT INTO FOLLOW (MEM_NO,BLOG_NO)VALUES (2,5);
INSERT INTO FOLLOW (MEM_NO,BLOG_NO)VALUES (10,2);
INSERT INTO FOLLOW (MEM_NO,BLOG_NO)VALUES (3,6);
INSERT INTO FOLLOW (MEM_NO,BLOG_NO)VALUES (6,3);
INSERT INTO FOLLOW (MEM_NO,BLOG_NO)VALUES (7,2);
INSERT INTO FOLLOW (MEM_NO,BLOG_NO)VALUES (5,10);
COMMIT;


--ADMIN (관리자)
INSERT INTO ADMIN(ADMIN_NO,ADMIN_ID,ADMIN_PWD,ADMIN_NAME) VALUES (SEQ_ADMIN.NEXTVAL,'ADMIN','1234','초기관리자');
INSERT INTO ADMIN(ADMIN_NO,ADMIN_ID,ADMIN_PWD,ADMIN_NAME) VALUES (SEQ_ADMIN.NEXTVAL,'ADMIN01','1234','관리자01');
INSERT INTO ADMIN(ADMIN_NO,ADMIN_ID,ADMIN_PWD,ADMIN_NAME) VALUES (SEQ_ADMIN.NEXTVAL,'ADMIN02','1234','관리자02');
INSERT INTO ADMIN(ADMIN_NO,ADMIN_ID,ADMIN_PWD,ADMIN_NAME) VALUES (SEQ_ADMIN.NEXTVAL,'ADMIN03','1234','관리자03');
INSERT INTO ADMIN(ADMIN_NO,ADMIN_ID,ADMIN_PWD,ADMIN_NAME) VALUES (SEQ_ADMIN.NEXTVAL,'ADMIN04','1234','관리자04');
INSERT INTO ADMIN(ADMIN_NO,ADMIN_ID,ADMIN_PWD,ADMIN_NAME) VALUES (SEQ_ADMIN.NEXTVAL,'ADMIN05','1234','관리자05');
INSERT INTO ADMIN(ADMIN_NO,ADMIN_ID,ADMIN_PWD,ADMIN_NAME) VALUES (SEQ_ADMIN.NEXTVAL,'ADMIN06','1234','관리자06');
INSERT INTO ADMIN(ADMIN_NO,ADMIN_ID,ADMIN_PWD,ADMIN_NAME) VALUES (SEQ_ADMIN.NEXTVAL,'ADMIN07','1234','관리자07');
INSERT INTO ADMIN(ADMIN_NO,ADMIN_ID,ADMIN_PWD,ADMIN_NAME) VALUES (SEQ_ADMIN.NEXTVAL,'ADMIN08','1234','관리자08');
INSERT INTO ADMIN(ADMIN_NO,ADMIN_ID,ADMIN_PWD,ADMIN_NAME) VALUES (SEQ_ADMIN.NEXTVAL,'ADMIN09','1234','관리자09');
INSERT INTO ADMIN(ADMIN_NO,ADMIN_ID,ADMIN_PWD,ADMIN_NAME) VALUES (SEQ_ADMIN.NEXTVAL,'ADMIN10','1234','관리자10');
commit;

--NOTICE (공지사항)
INSERT INTO NOTICE(NOTICE_NO,ADMIN_NO,TITLE,CONTENT) VALUES (SEQ_NOTICE.NEXTVAL,'6','공지사항 기타 테스트 입니다.','기타 테스트입니다.');
INSERT INTO NOTICE(NOTICE_NO,ADMIN_NO,TITLE,CONTENT) VALUES (SEQ_NOTICE.NEXTVAL,'6','공지사항 기타 테스트 입니다.','기타 테스트입니다.');
INSERT INTO NOTICE(NOTICE_NO,ADMIN_NO,TITLE,CONTENT) VALUES (SEQ_NOTICE.NEXTVAL,'6','공지사항 기타 테스트 입니다.','기타 테스트입니다.');
INSERT INTO NOTICE(NOTICE_NO,ADMIN_NO,TITLE,CONTENT,FIXED_YN) VALUES (SEQ_NOTICE.NEXTVAL,'6','공지사항 고정 테스트 입니다.','고정 테스트입니다.','Y');
INSERT INTO NOTICE(NOTICE_NO,ADMIN_NO,TITLE,CONTENT,FIXED_YN) VALUES (SEQ_NOTICE.NEXTVAL,'1','공지사항 고정 테스트 입니다.','고정 테스트입니다.','Y');
INSERT INTO NOTICE(NOTICE_NO,ADMIN_NO,TITLE,CONTENT) VALUES (SEQ_NOTICE.NEXTVAL,'6','공지사항 기타 테스트 입니다.','기타 테스트입니다.');
INSERT INTO NOTICE(NOTICE_NO,ADMIN_NO,TITLE,CONTENT) VALUES (SEQ_NOTICE.NEXTVAL,'6','공지사항 기타 테스트 입니다.','기타 테스트입니다.');
INSERT INTO NOTICE(NOTICE_NO,ADMIN_NO,TITLE,CONTENT,DEL_YN) VALUES (SEQ_NOTICE.NEXTVAL,'6','공지사항 비공개 테스트 입니다.','비공개 테스트입니다.','N');
INSERT INTO NOTICE(NOTICE_NO,ADMIN_NO,TITLE,CONTENT,FIXED_YN,DEL_YN) VALUES (SEQ_NOTICE.NEXTVAL,'6','공지사항 비공개 테스트 입니다.','비공개 테스트입니다.','Y','N');
INSERT INTO NOTICE(NOTICE_NO,ADMIN_NO,TITLE,CONTENT,FIXED_YN,DEL_YN) VALUES (SEQ_NOTICE.NEXTVAL,'6','공지사항 비공개 테스트 입니다.','비공개 테스트입니다.','N','N');
INSERT INTO NOTICE(NOTICE_NO,ADMIN_NO,TITLE,CONTENT,FIXED_YN) VALUES (SEQ_NOTICE.NEXTVAL,'6','공지사항 고정 테스트 입니다.','고정 테스트입니다.','Y');
INSERT INTO NOTICE(NOTICE_NO,ADMIN_NO,TITLE,CONTENT) VALUES (SEQ_NOTICE.NEXTVAL,'6','공지사항 기타 테스트 입니다.','기타 테스트입니다.');
INSERT INTO NOTICE(NOTICE_NO,ADMIN_NO,TITLE,CONTENT) VALUES (SEQ_NOTICE.NEXTVAL,'6','공지사항 기타 테스트 입니다.','기타 테스트입니다.');
INSERT INTO NOTICE(NOTICE_NO,ADMIN_NO,TITLE,CONTENT) VALUES (SEQ_NOTICE.NEXTVAL,'6','공지사항 기타 테스트 입니다.','기타 테스트입니다.');
INSERT INTO NOTICE(NOTICE_NO,ADMIN_NO,TITLE,CONTENT,FIXED_YN) VALUES (SEQ_NOTICE.NEXTVAL,'6','공지사항 고정 테스트 입니다.','고정 테스트입니다.','Y');
INSERT INTO NOTICE(NOTICE_NO,ADMIN_NO,TITLE,CONTENT,FIXED_YN) VALUES (SEQ_NOTICE.NEXTVAL,'1','공지사항 고정 테스트 입니다.','고정 테스트입니다.','Y');
INSERT INTO NOTICE(NOTICE_NO,ADMIN_NO,TITLE,CONTENT) VALUES (SEQ_NOTICE.NEXTVAL,'6','공지사항 기타 테스트 입니다.','기타 테스트입니다.');
INSERT INTO NOTICE(NOTICE_NO,ADMIN_NO,TITLE,CONTENT) VALUES (SEQ_NOTICE.NEXTVAL,'6','공지사항 기타 테스트 입니다.','기타 테스트입니다.');
INSERT INTO NOTICE(NOTICE_NO,ADMIN_NO,TITLE,CONTENT,DEL_YN) VALUES (SEQ_NOTICE.NEXTVAL,'6','공지사항 비공개 테스트 입니다.','비공개 테스트입니다.','N');
INSERT INTO NOTICE(NOTICE_NO,ADMIN_NO,TITLE,CONTENT,FIXED_YN,DEL_YN) VALUES (SEQ_NOTICE.NEXTVAL,'6','공지사항 비공개 테스트 입니다.','비공개 테스트입니다.','Y','N');
INSERT INTO NOTICE(NOTICE_NO,ADMIN_NO,TITLE,CONTENT,FIXED_YN,DEL_YN) VALUES (SEQ_NOTICE.NEXTVAL,'6','공지사항 비공개 테스트 입니다.','비공개 테스트입니다.','N','N');
INSERT INTO NOTICE(NOTICE_NO,ADMIN_NO,TITLE,CONTENT,FIXED_YN) VALUES (SEQ_NOTICE.NEXTVAL,'6','공지사항 고정 테스트 입니다.','고정 테스트입니다.','Y');
INSERT INTO NOTICE(NOTICE_NO,ADMIN_NO,TITLE,CONTENT) VALUES (SEQ_NOTICE.NEXTVAL,'6','공지사항 기타 테스트 입니다.','기타 테스트입니다.');
INSERT INTO NOTICE(NOTICE_NO,ADMIN_NO,TITLE,CONTENT) VALUES (SEQ_NOTICE.NEXTVAL,'6','공지사항 기타 테스트 입니다.','기타 테스트입니다.');
INSERT INTO NOTICE(NOTICE_NO,ADMIN_NO,TITLE,CONTENT) VALUES (SEQ_NOTICE.NEXTVAL,'6','공지사항 기타 테스트 입니다.','기타 테스트입니다.');
INSERT INTO NOTICE(NOTICE_NO,ADMIN_NO,TITLE,CONTENT,FIXED_YN) VALUES (SEQ_NOTICE.NEXTVAL,'6','공지사항 고정 테스트 입니다.','고정 테스트입니다.','Y');
INSERT INTO NOTICE(NOTICE_NO,ADMIN_NO,TITLE,CONTENT,FIXED_YN) VALUES (SEQ_NOTICE.NEXTVAL,'1','공지사항 고정 테스트 입니다.','고정 테스트입니다.','Y');
INSERT INTO NOTICE(NOTICE_NO,ADMIN_NO,TITLE,CONTENT) VALUES (SEQ_NOTICE.NEXTVAL,'6','공지사항 기타 테스트 입니다.','기타 테스트입니다.');
INSERT INTO NOTICE(NOTICE_NO,ADMIN_NO,TITLE,CONTENT) VALUES (SEQ_NOTICE.NEXTVAL,'6','공지사항 기타 테스트 입니다.','기타 테스트입니다.');
INSERT INTO NOTICE(NOTICE_NO,ADMIN_NO,TITLE,CONTENT,DEL_YN) VALUES (SEQ_NOTICE.NEXTVAL,'6','공지사항 비공개 테스트 입니다.','비공개 테스트입니다.','N');
INSERT INTO NOTICE(NOTICE_NO,ADMIN_NO,TITLE,CONTENT,FIXED_YN,DEL_YN) VALUES (SEQ_NOTICE.NEXTVAL,'6','공지사항 비공개 테스트 입니다.','비공개 테스트입니다.','Y','N');
INSERT INTO NOTICE(NOTICE_NO,ADMIN_NO,TITLE,CONTENT,FIXED_YN,DEL_YN) VALUES (SEQ_NOTICE.NEXTVAL,'6','공지사항 비공개 테스트 입니다.','비공개 테스트입니다.','N','N');
INSERT INTO NOTICE(NOTICE_NO,ADMIN_NO,TITLE,CONTENT,FIXED_YN) VALUES (SEQ_NOTICE.NEXTVAL,'6','공지사항 고정 테스트 입니다.','고정 테스트입니다.','Y');
INSERT INTO NOTICE(NOTICE_NO,ADMIN_NO,TITLE,CONTENT) VALUES (SEQ_NOTICE.NEXTVAL,'6','공지사항 기타 테스트 입니다.','기타 테스트입니다.');
INSERT INTO NOTICE(NOTICE_NO,ADMIN_NO,TITLE,CONTENT) VALUES (SEQ_NOTICE.NEXTVAL,'6','공지사항 기타 테스트 입니다.','기타 테스트입니다.');
INSERT INTO NOTICE(NOTICE_NO,ADMIN_NO,TITLE,CONTENT) VALUES (SEQ_NOTICE.NEXTVAL,'6','공지사항 기타 테스트 입니다.','기타 테스트입니다.');
INSERT INTO NOTICE(NOTICE_NO,ADMIN_NO,TITLE,CONTENT,FIXED_YN) VALUES (SEQ_NOTICE.NEXTVAL,'6','공지사항 고정 테스트 입니다.','고정 테스트입니다.','Y');
INSERT INTO NOTICE(NOTICE_NO,ADMIN_NO,TITLE,CONTENT,FIXED_YN) VALUES (SEQ_NOTICE.NEXTVAL,'1','공지사항 고정 테스트 입니다.','고정 테스트입니다.','Y');
INSERT INTO NOTICE(NOTICE_NO,ADMIN_NO,TITLE,CONTENT) VALUES (SEQ_NOTICE.NEXTVAL,'6','공지사항 기타 테스트 입니다.','기타 테스트입니다.');
INSERT INTO NOTICE(NOTICE_NO,ADMIN_NO,TITLE,CONTENT) VALUES (SEQ_NOTICE.NEXTVAL,'6','공지사항 기타 테스트 입니다.','기타 테스트입니다.');
INSERT INTO NOTICE(NOTICE_NO,ADMIN_NO,TITLE,CONTENT,DEL_YN) VALUES (SEQ_NOTICE.NEXTVAL,'6','공지사항 비공개 테스트 입니다.','비공개 테스트입니다.','N');
INSERT INTO NOTICE(NOTICE_NO,ADMIN_NO,TITLE,CONTENT,FIXED_YN,DEL_YN) VALUES (SEQ_NOTICE.NEXTVAL,'6','공지사항 비공개 테스트 입니다.','비공개 테스트입니다.','Y','N');
INSERT INTO NOTICE(NOTICE_NO,ADMIN_NO,TITLE,CONTENT,FIXED_YN,DEL_YN) VALUES (SEQ_NOTICE.NEXTVAL,'6','공지사항 비공개 테스트 입니다.','비공개 테스트입니다.','N','N');
INSERT INTO NOTICE(NOTICE_NO,ADMIN_NO,TITLE,CONTENT,FIXED_YN) VALUES (SEQ_NOTICE.NEXTVAL,'6','공지사항 고정 테스트 입니다.','고정 테스트입니다.','Y');
INSERT INTO NOTICE(NOTICE_NO,ADMIN_NO,TITLE,CONTENT) VALUES (SEQ_NOTICE.NEXTVAL,'6','공지사항 기타 테스트 입니다.','기타 테스트입니다.');
INSERT INTO NOTICE(NOTICE_NO,ADMIN_NO,TITLE,CONTENT) VALUES (SEQ_NOTICE.NEXTVAL,'6','공지사항 기타 테스트 입니다.','기타 테스트입니다.');
INSERT INTO NOTICE(NOTICE_NO,ADMIN_NO,TITLE,CONTENT) VALUES (SEQ_NOTICE.NEXTVAL,'6','공지사항 기타 테스트 입니다.','기타 테스트입니다.');
INSERT INTO NOTICE(NOTICE_NO,ADMIN_NO,TITLE,CONTENT,FIXED_YN) VALUES (SEQ_NOTICE.NEXTVAL,'6','공지사항 고정 테스트 입니다.','고정 테스트입니다.','Y');
INSERT INTO NOTICE(NOTICE_NO,ADMIN_NO,TITLE,CONTENT,FIXED_YN) VALUES (SEQ_NOTICE.NEXTVAL,'1','공지사항 고정 테스트 입니다.','고정 테스트입니다.','Y');
INSERT INTO NOTICE(NOTICE_NO,ADMIN_NO,TITLE,CONTENT) VALUES (SEQ_NOTICE.NEXTVAL,'6','공지사항 기타 테스트 입니다.','기타 테스트입니다.');
INSERT INTO NOTICE(NOTICE_NO,ADMIN_NO,TITLE,CONTENT) VALUES (SEQ_NOTICE.NEXTVAL,'6','공지사항 기타 테스트 입니다.','기타 테스트입니다.');
INSERT INTO NOTICE(NOTICE_NO,ADMIN_NO,TITLE,CONTENT,DEL_YN) VALUES (SEQ_NOTICE.NEXTVAL,'6','공지사항 비공개 테스트 입니다.','비공개 테스트입니다.','N');
INSERT INTO NOTICE(NOTICE_NO,ADMIN_NO,TITLE,CONTENT,FIXED_YN,DEL_YN) VALUES (SEQ_NOTICE.NEXTVAL,'6','공지사항 비공개 테스트 입니다.','비공개 테스트입니다.','Y','N');
INSERT INTO NOTICE(NOTICE_NO,ADMIN_NO,TITLE,CONTENT,FIXED_YN,DEL_YN) VALUES (SEQ_NOTICE.NEXTVAL,'6','공지사항 비공개 테스트 입니다.','비공개 테스트입니다.','N','N');
INSERT INTO NOTICE(NOTICE_NO,ADMIN_NO,TITLE,CONTENT,FIXED_YN) VALUES (SEQ_NOTICE.NEXTVAL,'6','공지사항 고정 테스트 입니다.','고정 테스트입니다.','Y');
INSERT INTO NOTICE(NOTICE_NO,ADMIN_NO,TITLE,CONTENT) VALUES (SEQ_NOTICE.NEXTVAL,'6','공지사항 기타 테스트 입니다.','기타 테스트입니다.');
INSERT INTO NOTICE(NOTICE_NO,ADMIN_NO,TITLE,CONTENT) VALUES (SEQ_NOTICE.NEXTVAL,'6','공지사항 기타 테스트 입니다.','기타 테스트입니다.');
INSERT INTO NOTICE(NOTICE_NO,ADMIN_NO,TITLE,CONTENT) VALUES (SEQ_NOTICE.NEXTVAL,'6','공지사항 기타 테스트 입니다.','기타 테스트입니다.');
INSERT INTO NOTICE(NOTICE_NO,ADMIN_NO,TITLE,CONTENT,FIXED_YN) VALUES (SEQ_NOTICE.NEXTVAL,'6','공지사항 고정 테스트 입니다.','고정 테스트입니다.','Y');
INSERT INTO NOTICE(NOTICE_NO,ADMIN_NO,TITLE,CONTENT,FIXED_YN) VALUES (SEQ_NOTICE.NEXTVAL,'1','공지사항 고정 테스트 입니다.','고정 테스트입니다.','Y');
INSERT INTO NOTICE(NOTICE_NO,ADMIN_NO,TITLE,CONTENT) VALUES (SEQ_NOTICE.NEXTVAL,'6','공지사항 기타 테스트 입니다.','기타 테스트입니다.');
INSERT INTO NOTICE(NOTICE_NO,ADMIN_NO,TITLE,CONTENT) VALUES (SEQ_NOTICE.NEXTVAL,'6','공지사항 기타 테스트 입니다.','기타 테스트입니다.');
INSERT INTO NOTICE(NOTICE_NO,ADMIN_NO,TITLE,CONTENT,DEL_YN) VALUES (SEQ_NOTICE.NEXTVAL,'6','공지사항 비공개 테스트 입니다.','비공개 테스트입니다.','N');
INSERT INTO NOTICE(NOTICE_NO,ADMIN_NO,TITLE,CONTENT,FIXED_YN,DEL_YN) VALUES (SEQ_NOTICE.NEXTVAL,'6','공지사항 비공개 테스트 입니다.','비공개 테스트입니다.','Y','N');
INSERT INTO NOTICE(NOTICE_NO,ADMIN_NO,TITLE,CONTENT,FIXED_YN,DEL_YN) VALUES (SEQ_NOTICE.NEXTVAL,'6','공지사항 비공개 테스트 입니다.','비공개 테스트입니다.','N','N');
INSERT INTO NOTICE(NOTICE_NO,ADMIN_NO,TITLE,CONTENT,FIXED_YN) VALUES (SEQ_NOTICE.NEXTVAL,'6','공지사항 고정 테스트 입니다.','고정 테스트입니다.','Y');
commit;

-- CUSTOMER_CENTER (고객센터)
INSERT INTO CUSTOMER_CENTER(Q_NO,MEM_NO,Q_TIT,Q_CON,QUESTION_CATEGORY) VALUES 
(SEQ_CUSTOMER_CENTER.NEXTVAL,'1','1:1문의 테스트 입니다.','TEST_TEST_TEST_TEST_TEST_TEST_TEST_TEST_TEST_TEST_TEST_TEST_TEST_TEST_TEST','SM');
INSERT INTO CUSTOMER_CENTER(Q_NO,MEM_NO,Q_TIT,Q_CON,QUESTION_CATEGORY) VALUES 
(SEQ_CUSTOMER_CENTER.NEXTVAL,'2','1:1문의 테스트 입니다.','TEST_TEST_TEST_TEST_TEST_TEST_TEST_TEST_TEST_TEST_TEST_TEST_TEST_TEST_TEST','PM');
INSERT INTO CUSTOMER_CENTER(Q_NO,MEM_NO,Q_TIT,Q_CON,QUESTION_CATEGORY) VALUES 
(SEQ_CUSTOMER_CENTER.NEXTVAL,'3','1:1문의 테스트 입니다.','TEST_TEST_TEST_TEST_TEST_TEST_TEST_TEST_TEST_TEST_TEST_TEST_TEST_TEST_TEST','NM');
INSERT INTO CUSTOMER_CENTER(Q_NO,MEM_NO,Q_TIT,Q_CON,QUESTION_CATEGORY) VALUES 
(SEQ_CUSTOMER_CENTER.NEXTVAL,'4','1:1문의 테스트 입니다.','TEST_TEST_TEST_TEST_TEST_TEST_TEST_TEST_TEST_TEST_TEST_TEST_TEST_TEST_TEST','PM');
INSERT INTO CUSTOMER_CENTER(Q_NO,MEM_NO,Q_TIT,Q_CON,QUESTION_CATEGORY) VALUES 
(SEQ_CUSTOMER_CENTER.NEXTVAL,'1','1:1문의 테스트 입니다.','TEST_TEST_TEST_TEST_TEST_TEST_TEST_TEST_TEST_TEST_TEST_TEST_TEST_TEST_TEST','NM');
INSERT INTO CUSTOMER_CENTER(Q_NO,MEM_NO,Q_TIT,Q_CON,Q_WRITE_DATE,QUESTION_CATEGORY,ANSEWR,ANSEWR_DATE,UPDATE_DATE,DEL_YN) VALUES 
(SEQ_CUSTOMER_CENTER.NEXTVAL,'1','1:1문의 테스트 입니다.','TEST_TEST_TEST_TEST_TEST_TEST_TEST_TEST_TEST_TEST_TEST_TEST_TEST_TEST_TEST',SYSDATE-10,'NM','문의 답변입니다.',SYSDATE-8,SYSDATE-5,'N');
INSERT INTO CUSTOMER_CENTER(Q_NO,MEM_NO,Q_TIT,Q_CON,QUESTION_CATEGORY) VALUES 
(SEQ_CUSTOMER_CENTER.NEXTVAL,'2','1:1문의 테스트 입니다.','TEST_TEST_TEST_TEST_TEST_TEST_TEST_TEST_TEST_TEST_TEST_TEST_TEST_TEST_TEST','SM');
INSERT INTO CUSTOMER_CENTER(Q_NO,MEM_NO,Q_TIT,Q_CON,QUESTION_CATEGORY) VALUES 
(SEQ_CUSTOMER_CENTER.NEXTVAL,'3','1:1문의 테스트 입니다.','TEST_TEST_TEST_TEST_TEST_TEST_TEST_TEST_TEST_TEST_TEST_TEST_TEST_TEST_TEST','SM');
INSERT INTO CUSTOMER_CENTER(Q_NO,MEM_NO,Q_TIT,Q_CON,QUESTION_CATEGORY) VALUES 
(SEQ_CUSTOMER_CENTER.NEXTVAL,'2','1:1문의 테스트 입니다.','TEST_TEST_TEST_TEST_TEST_TEST_TEST_TEST_TEST_TEST_TEST_TEST_TEST_TEST_TEST','NM');
INSERT INTO CUSTOMER_CENTER(Q_NO,MEM_NO,Q_TIT,Q_CON,QUESTION_CATEGORY) VALUES 
(SEQ_CUSTOMER_CENTER.NEXTVAL,'1','1:1문의 테스트 입니다.','TEST_TEST_TEST_TEST_TEST_TEST_TEST_TEST_TEST_TEST_TEST_TEST_TEST_TEST_TEST','PM');
INSERT INTO CUSTOMER_CENTER(Q_NO,MEM_NO,Q_TIT,Q_CON,QUESTION_CATEGORY) VALUES
(SEQ_CUSTOMER_CENTER.NEXTVAL,'1','1:1문의 테스트 입니다.','TEST_TEST_TEST_TEST_TEST_TEST_TEST_TEST_TEST_TEST_TEST_TEST_TEST_TEST_TEST','PM');
INSERT INTO CUSTOMER_CENTER(Q_NO,MEM_NO,Q_TIT,Q_CON,QUESTION_CATEGORY) VALUES 
(SEQ_CUSTOMER_CENTER.NEXTVAL,'1','1:1문의 테스트 입니다.','TEST_TEST_TEST_TEST_TEST_TEST_TEST_TEST_TEST_TEST_TEST_TEST_TEST_TEST_TEST','SM');
INSERT INTO CUSTOMER_CENTER(Q_NO,MEM_NO,Q_TIT,Q_CON,QUESTION_CATEGORY) VALUES 
(SEQ_CUSTOMER_CENTER.NEXTVAL,'2','1:1문의 테스트 입니다.','TEST_TEST_TEST_TEST_TEST_TEST_TEST_TEST_TEST_TEST_TEST_TEST_TEST_TEST_TEST','PM');
INSERT INTO CUSTOMER_CENTER(Q_NO,MEM_NO,Q_TIT,Q_CON,QUESTION_CATEGORY) VALUES 
(SEQ_CUSTOMER_CENTER.NEXTVAL,'3','1:1문의 테스트 입니다.','TEST_TEST_TEST_TEST_TEST_TEST_TEST_TEST_TEST_TEST_TEST_TEST_TEST_TEST_TEST','NM');
INSERT INTO CUSTOMER_CENTER(Q_NO,MEM_NO,Q_TIT,Q_CON,QUESTION_CATEGORY) VALUES 
(SEQ_CUSTOMER_CENTER.NEXTVAL,'4','1:1문의 테스트 입니다.','TEST_TEST_TEST_TEST_TEST_TEST_TEST_TEST_TEST_TEST_TEST_TEST_TEST_TEST_TEST','PM');
INSERT INTO CUSTOMER_CENTER(Q_NO,MEM_NO,Q_TIT,Q_CON,QUESTION_CATEGORY) VALUES 
(SEQ_CUSTOMER_CENTER.NEXTVAL,'1','1:1문의 테스트 입니다.','TEST_TEST_TEST_TEST_TEST_TEST_TEST_TEST_TEST_TEST_TEST_TEST_TEST_TEST_TEST','NM');
INSERT INTO CUSTOMER_CENTER(Q_NO,MEM_NO,Q_TIT,Q_CON,QUESTION_CATEGORY) VALUES 
(SEQ_CUSTOMER_CENTER.NEXTVAL,'1','1:1문의 테스트 입니다.','TEST_TEST_TEST_TEST_TEST_TEST_TEST_TEST_TEST_TEST_TEST_TEST_TEST_TEST_TEST','NM');
INSERT INTO CUSTOMER_CENTER(Q_NO,MEM_NO,Q_TIT,Q_CON,QUESTION_CATEGORY) VALUES 
(SEQ_CUSTOMER_CENTER.NEXTVAL,'2','1:1문의 테스트 입니다.','TEST_TEST_TEST_TEST_TEST_TEST_TEST_TEST_TEST_TEST_TEST_TEST_TEST_TEST_TEST','SM');
INSERT INTO CUSTOMER_CENTER(Q_NO,MEM_NO,Q_TIT,Q_CON,QUESTION_CATEGORY) VALUES 
(SEQ_CUSTOMER_CENTER.NEXTVAL,'3','1:1문의 테스트 입니다.','TEST_TEST_TEST_TEST_TEST_TEST_TEST_TEST_TEST_TEST_TEST_TEST_TEST_TEST_TEST','SM');
INSERT INTO CUSTOMER_CENTER(Q_NO,MEM_NO,Q_TIT,Q_CON,QUESTION_CATEGORY) VALUES 
(SEQ_CUSTOMER_CENTER.NEXTVAL,'2','1:1문의 테스트 입니다.','TEST_TEST_TEST_TEST_TEST_TEST_TEST_TEST_TEST_TEST_TEST_TEST_TEST_TEST_TEST','NM');
INSERT INTO CUSTOMER_CENTER(Q_NO,MEM_NO,Q_TIT,Q_CON,QUESTION_CATEGORY) VALUES 
(SEQ_CUSTOMER_CENTER.NEXTVAL,'1','1:1문의 테스트 입니다.','TEST_TEST_TEST_TEST_TEST_TEST_TEST_TEST_TEST_TEST_TEST_TEST_TEST_TEST_TEST','PM');
INSERT INTO CUSTOMER_CENTER(Q_NO,MEM_NO,Q_TIT,Q_CON,QUESTION_CATEGORY) VALUES
(SEQ_CUSTOMER_CENTER.NEXTVAL,'1','1:1문의 테스트 입니다.','TEST_TEST_TEST_TEST_TEST_TEST_TEST_TEST_TEST_TEST_TEST_TEST_TEST_TEST_TEST','PM');
INSERT INTO CUSTOMER_CENTER(Q_NO,MEM_NO,Q_TIT,Q_CON,QUESTION_CATEGORY) VALUES 
(SEQ_CUSTOMER_CENTER.NEXTVAL,'1','1:1문의 테스트 입니다.','TEST_TEST_TEST_TEST_TEST_TEST_TEST_TEST_TEST_TEST_TEST_TEST_TEST_TEST_TEST','SM');
INSERT INTO CUSTOMER_CENTER(Q_NO,MEM_NO,Q_TIT,Q_CON,QUESTION_CATEGORY) VALUES 
(SEQ_CUSTOMER_CENTER.NEXTVAL,'2','1:1문의 테스트 입니다.','TEST_TEST_TEST_TEST_TEST_TEST_TEST_TEST_TEST_TEST_TEST_TEST_TEST_TEST_TEST','PM');
INSERT INTO CUSTOMER_CENTER(Q_NO,MEM_NO,Q_TIT,Q_CON,QUESTION_CATEGORY) VALUES 
(SEQ_CUSTOMER_CENTER.NEXTVAL,'3','1:1문의 테스트 입니다.','TEST_TEST_TEST_TEST_TEST_TEST_TEST_TEST_TEST_TEST_TEST_TEST_TEST_TEST_TEST','NM');
INSERT INTO CUSTOMER_CENTER(Q_NO,MEM_NO,Q_TIT,Q_CON,QUESTION_CATEGORY) VALUES 
(SEQ_CUSTOMER_CENTER.NEXTVAL,'4','1:1문의 테스트 입니다.','TEST_TEST_TEST_TEST_TEST_TEST_TEST_TEST_TEST_TEST_TEST_TEST_TEST_TEST_TEST','PM');
INSERT INTO CUSTOMER_CENTER(Q_NO,MEM_NO,Q_TIT,Q_CON,QUESTION_CATEGORY) VALUES 
(SEQ_CUSTOMER_CENTER.NEXTVAL,'1','1:1문의 테스트 입니다.','TEST_TEST_TEST_TEST_TEST_TEST_TEST_TEST_TEST_TEST_TEST_TEST_TEST_TEST_TEST','NM');
INSERT INTO CUSTOMER_CENTER(Q_NO,MEM_NO,Q_TIT,Q_CON,QUESTION_CATEGORY) VALUES 
(SEQ_CUSTOMER_CENTER.NEXTVAL,'1','1:1문의 테스트 입니다.','TEST_TEST_TEST_TEST_TEST_TEST_TEST_TEST_TEST_TEST_TEST_TEST_TEST_TEST_TEST','NM');
INSERT INTO CUSTOMER_CENTER(Q_NO,MEM_NO,Q_TIT,Q_CON,QUESTION_CATEGORY) VALUES 
(SEQ_CUSTOMER_CENTER.NEXTVAL,'2','1:1문의 테스트 입니다.','TEST_TEST_TEST_TEST_TEST_TEST_TEST_TEST_TEST_TEST_TEST_TEST_TEST_TEST_TEST','SM');
INSERT INTO CUSTOMER_CENTER(Q_NO,MEM_NO,Q_TIT,Q_CON,QUESTION_CATEGORY) VALUES 
(SEQ_CUSTOMER_CENTER.NEXTVAL,'3','1:1문의 테스트 입니다.','TEST_TEST_TEST_TEST_TEST_TEST_TEST_TEST_TEST_TEST_TEST_TEST_TEST_TEST_TEST','SM');
INSERT INTO CUSTOMER_CENTER(Q_NO,MEM_NO,Q_TIT,Q_CON,QUESTION_CATEGORY) VALUES 
(SEQ_CUSTOMER_CENTER.NEXTVAL,'2','1:1문의 테스트 입니다.','TEST_TEST_TEST_TEST_TEST_TEST_TEST_TEST_TEST_TEST_TEST_TEST_TEST_TEST_TEST','NM');
INSERT INTO CUSTOMER_CENTER(Q_NO,MEM_NO,Q_TIT,Q_CON,QUESTION_CATEGORY) VALUES 
(SEQ_CUSTOMER_CENTER.NEXTVAL,'1','1:1문의 테스트 입니다.','TEST_TEST_TEST_TEST_TEST_TEST_TEST_TEST_TEST_TEST_TEST_TEST_TEST_TEST_TEST','PM');
INSERT INTO CUSTOMER_CENTER(Q_NO,MEM_NO,Q_TIT,Q_CON,QUESTION_CATEGORY) VALUES
(SEQ_CUSTOMER_CENTER.NEXTVAL,'1','1:1문의 테스트 입니다.','TEST_TEST_TEST_TEST_TEST_TEST_TEST_TEST_TEST_TEST_TEST_TEST_TEST_TEST_TEST','PM');
INSERT INTO CUSTOMER_CENTER(Q_NO,MEM_NO,Q_TIT,Q_CON,Q_WRITE_DATE,QUESTION_CATEGORY,ANSEWR,ANSEWR_DATE,UPDATE_DATE,DEL_YN) VALUES 
(SEQ_CUSTOMER_CENTER.NEXTVAL,'1','1:1문의 테스트 입니다.','TEST_TEST_TEST_TEST_TEST_TEST_TEST_TEST_TEST_TEST_TEST_TEST_TEST_TEST_TEST',SYSDATE-10,'NM','문의 답변입니다.',SYSDATE-8,SYSDATE-5,'N');
INSERT INTO CUSTOMER_CENTER(Q_NO,MEM_NO,Q_TIT,Q_CON,Q_WRITE_DATE,QUESTION_CATEGORY,ANSEWR,ANSEWR_DATE,UPDATE_DATE,DEL_YN) VALUES 
(SEQ_CUSTOMER_CENTER.NEXTVAL,'1','1:1문의 테스트 입니다.','TEST_TEST_TEST_TEST_TEST_TEST_TEST_TEST_TEST_TEST_TEST_TEST_TEST_TEST_TEST',SYSDATE-9,'NM','문의 답변입니다.',SYSDATE-7,SYSDATE-6,'N');
INSERT INTO CUSTOMER_CENTER(Q_NO,MEM_NO,Q_TIT,Q_CON,Q_WRITE_DATE,QUESTION_CATEGORY,ANSEWR,ANSEWR_DATE,DEL_YN) VALUES 
(SEQ_CUSTOMER_CENTER.NEXTVAL,'1','1:1문의 테스트 입니다.','TEST_TEST_TEST_TEST_TEST_TEST_TEST_TEST_TEST_TEST_TEST_TEST_TEST_TEST_TEST',SYSDATE-8,'NM','문의 답변입니다.',SYSDATE-5,'N');
INSERT INTO CUSTOMER_CENTER(Q_NO,MEM_NO,Q_TIT,Q_CON,Q_WRITE_DATE,QUESTION_CATEGORY,ANSEWR,ANSEWR_DATE,UPDATE_DATE,DEL_YN) VALUES 
(SEQ_CUSTOMER_CENTER.NEXTVAL,'1','1:1문의 테스트 입니다.','TEST_TEST_TEST_TEST_TEST_TEST_TEST_TEST_TEST_TEST_TEST_TEST_TEST_TEST_TEST',SYSDATE-7,'NM','문의 답변입니다.',SYSDATE-6,SYSDATE-3,'N');
INSERT INTO CUSTOMER_CENTER(Q_NO,MEM_NO,Q_TIT,Q_CON,Q_WRITE_DATE,QUESTION_CATEGORY,ANSEWR,ANSEWR_DATE,DEL_YN) VALUES 
(SEQ_CUSTOMER_CENTER.NEXTVAL,'1','1:1문의 테스트 입니다.','TEST_TEST_TEST_TEST_TEST_TEST_TEST_TEST_TEST_TEST_TEST_TEST_TEST_TEST_TEST',SYSDATE-5,'NM','문의 답변입니다.',SYSDATE-3,'N');
INSERT INTO CUSTOMER_CENTER(Q_NO,MEM_NO,Q_TIT,Q_CON,QUESTION_CATEGORY) VALUES 
(SEQ_CUSTOMER_CENTER.NEXTVAL,'1','1:1문의 테스트 입니다.','TEST_TEST_TEST_TEST_TEST_TEST_TEST_TEST_TEST_TEST_TEST_TEST_TEST_TEST_TEST','SM');
INSERT INTO CUSTOMER_CENTER(Q_NO,MEM_NO,Q_TIT,Q_CON,QUESTION_CATEGORY) VALUES 
(SEQ_CUSTOMER_CENTER.NEXTVAL,'2','1:1문의 테스트 입니다.','TEST_TEST_TEST_TEST_TEST_TEST_TEST_TEST_TEST_TEST_TEST_TEST_TEST_TEST_TEST','PM');
INSERT INTO CUSTOMER_CENTER(Q_NO,MEM_NO,Q_TIT,Q_CON,QUESTION_CATEGORY) VALUES 
(SEQ_CUSTOMER_CENTER.NEXTVAL,'3','1:1문의 테스트 입니다.','TEST_TEST_TEST_TEST_TEST_TEST_TEST_TEST_TEST_TEST_TEST_TEST_TEST_TEST_TEST','NM');
INSERT INTO CUSTOMER_CENTER(Q_NO,MEM_NO,Q_TIT,Q_CON,QUESTION_CATEGORY) VALUES 
(SEQ_CUSTOMER_CENTER.NEXTVAL,'4','1:1문의 테스트 입니다.','TEST_TEST_TEST_TEST_TEST_TEST_TEST_TEST_TEST_TEST_TEST_TEST_TEST_TEST_TEST','PM');
INSERT INTO CUSTOMER_CENTER(Q_NO,MEM_NO,Q_TIT,Q_CON,QUESTION_CATEGORY) VALUES 
(SEQ_CUSTOMER_CENTER.NEXTVAL,'1','1:1문의 테스트 입니다.','TEST_TEST_TEST_TEST_TEST_TEST_TEST_TEST_TEST_TEST_TEST_TEST_TEST_TEST_TEST','NM');
INSERT INTO CUSTOMER_CENTER(Q_NO,MEM_NO,Q_TIT,Q_CON,Q_WRITE_DATE,QUESTION_CATEGORY,ANSEWR,ANSEWR_DATE,UPDATE_DATE,DEL_YN) VALUES 
(SEQ_CUSTOMER_CENTER.NEXTVAL,'1','1:1문의 테스트 입니다.','TEST_TEST_TEST_TEST_TEST_TEST_TEST_TEST_TEST_TEST_TEST_TEST_TEST_TEST_TEST',SYSDATE-10,'NM','문의 답변입니다.',SYSDATE-8,SYSDATE-5,'N');
INSERT INTO CUSTOMER_CENTER(Q_NO,MEM_NO,Q_TIT,Q_CON,QUESTION_CATEGORY) VALUES 
(SEQ_CUSTOMER_CENTER.NEXTVAL,'2','1:1문의 테스트 입니다.','TEST_TEST_TEST_TEST_TEST_TEST_TEST_TEST_TEST_TEST_TEST_TEST_TEST_TEST_TEST','SM');
INSERT INTO CUSTOMER_CENTER(Q_NO,MEM_NO,Q_TIT,Q_CON,QUESTION_CATEGORY) VALUES 
(SEQ_CUSTOMER_CENTER.NEXTVAL,'3','1:1문의 테스트 입니다.','TEST_TEST_TEST_TEST_TEST_TEST_TEST_TEST_TEST_TEST_TEST_TEST_TEST_TEST_TEST','SM');
INSERT INTO CUSTOMER_CENTER(Q_NO,MEM_NO,Q_TIT,Q_CON,QUESTION_CATEGORY) VALUES 
(SEQ_CUSTOMER_CENTER.NEXTVAL,'2','1:1문의 테스트 입니다.','TEST_TEST_TEST_TEST_TEST_TEST_TEST_TEST_TEST_TEST_TEST_TEST_TEST_TEST_TEST','NM');
INSERT INTO CUSTOMER_CENTER(Q_NO,MEM_NO,Q_TIT,Q_CON,QUESTION_CATEGORY) VALUES 
(SEQ_CUSTOMER_CENTER.NEXTVAL,'1','1:1문의 테스트 입니다.','TEST_TEST_TEST_TEST_TEST_TEST_TEST_TEST_TEST_TEST_TEST_TEST_TEST_TEST_TEST','PM');
INSERT INTO CUSTOMER_CENTER(Q_NO,MEM_NO,Q_TIT,Q_CON,QUESTION_CATEGORY) VALUES
(SEQ_CUSTOMER_CENTER.NEXTVAL,'1','1:1문의 테스트 입니다.','TEST_TEST_TEST_TEST_TEST_TEST_TEST_TEST_TEST_TEST_TEST_TEST_TEST_TEST_TEST','PM');
INSERT INTO CUSTOMER_CENTER(Q_NO,MEM_NO,Q_TIT,Q_CON,QUESTION_CATEGORY) VALUES 
(SEQ_CUSTOMER_CENTER.NEXTVAL,'1','1:1문의 테스트 입니다.','TEST_TEST_TEST_TEST_TEST_TEST_TEST_TEST_TEST_TEST_TEST_TEST_TEST_TEST_TEST','SM');
INSERT INTO CUSTOMER_CENTER(Q_NO,MEM_NO,Q_TIT,Q_CON,QUESTION_CATEGORY) VALUES 
(SEQ_CUSTOMER_CENTER.NEXTVAL,'2','1:1문의 테스트 입니다.','TEST_TEST_TEST_TEST_TEST_TEST_TEST_TEST_TEST_TEST_TEST_TEST_TEST_TEST_TEST','PM');
INSERT INTO CUSTOMER_CENTER(Q_NO,MEM_NO,Q_TIT,Q_CON,QUESTION_CATEGORY) VALUES 
(SEQ_CUSTOMER_CENTER.NEXTVAL,'3','1:1문의 테스트 입니다.','TEST_TEST_TEST_TEST_TEST_TEST_TEST_TEST_TEST_TEST_TEST_TEST_TEST_TEST_TEST','NM');
INSERT INTO CUSTOMER_CENTER(Q_NO,MEM_NO,Q_TIT,Q_CON,QUESTION_CATEGORY) VALUES 
(SEQ_CUSTOMER_CENTER.NEXTVAL,'4','1:1문의 테스트 입니다.','TEST_TEST_TEST_TEST_TEST_TEST_TEST_TEST_TEST_TEST_TEST_TEST_TEST_TEST_TEST','PM');
INSERT INTO CUSTOMER_CENTER(Q_NO,MEM_NO,Q_TIT,Q_CON,QUESTION_CATEGORY) VALUES 
(SEQ_CUSTOMER_CENTER.NEXTVAL,'1','1:1문의 테스트 입니다.','TEST_TEST_TEST_TEST_TEST_TEST_TEST_TEST_TEST_TEST_TEST_TEST_TEST_TEST_TEST','NM');
INSERT INTO CUSTOMER_CENTER(Q_NO,MEM_NO,Q_TIT,Q_CON,QUESTION_CATEGORY) VALUES 
(SEQ_CUSTOMER_CENTER.NEXTVAL,'1','1:1문의 테스트 입니다.','TEST_TEST_TEST_TEST_TEST_TEST_TEST_TEST_TEST_TEST_TEST_TEST_TEST_TEST_TEST','NM');
INSERT INTO CUSTOMER_CENTER(Q_NO,MEM_NO,Q_TIT,Q_CON,QUESTION_CATEGORY) VALUES 
(SEQ_CUSTOMER_CENTER.NEXTVAL,'2','1:1문의 테스트 입니다.','TEST_TEST_TEST_TEST_TEST_TEST_TEST_TEST_TEST_TEST_TEST_TEST_TEST_TEST_TEST','SM');
INSERT INTO CUSTOMER_CENTER(Q_NO,MEM_NO,Q_TIT,Q_CON,QUESTION_CATEGORY) VALUES 
(SEQ_CUSTOMER_CENTER.NEXTVAL,'3','1:1문의 테스트 입니다.','TEST_TEST_TEST_TEST_TEST_TEST_TEST_TEST_TEST_TEST_TEST_TEST_TEST_TEST_TEST','SM');
INSERT INTO CUSTOMER_CENTER(Q_NO,MEM_NO,Q_TIT,Q_CON,QUESTION_CATEGORY) VALUES 
(SEQ_CUSTOMER_CENTER.NEXTVAL,'2','1:1문의 테스트 입니다.','TEST_TEST_TEST_TEST_TEST_TEST_TEST_TEST_TEST_TEST_TEST_TEST_TEST_TEST_TEST','NM');
INSERT INTO CUSTOMER_CENTER(Q_NO,MEM_NO,Q_TIT,Q_CON,QUESTION_CATEGORY) VALUES 
(SEQ_CUSTOMER_CENTER.NEXTVAL,'1','1:1문의 테스트 입니다.','TEST_TEST_TEST_TEST_TEST_TEST_TEST_TEST_TEST_TEST_TEST_TEST_TEST_TEST_TEST','PM');
INSERT INTO CUSTOMER_CENTER(Q_NO,MEM_NO,Q_TIT,Q_CON,QUESTION_CATEGORY) VALUES
(SEQ_CUSTOMER_CENTER.NEXTVAL,'1','1:1문의 테스트 입니다.','TEST_TEST_TEST_TEST_TEST_TEST_TEST_TEST_TEST_TEST_TEST_TEST_TEST_TEST_TEST','PM');
INSERT INTO CUSTOMER_CENTER(Q_NO,MEM_NO,Q_TIT,Q_CON,QUESTION_CATEGORY) VALUES 
(SEQ_CUSTOMER_CENTER.NEXTVAL,'1','1:1문의 테스트 입니다.','TEST_TEST_TEST_TEST_TEST_TEST_TEST_TEST_TEST_TEST_TEST_TEST_TEST_TEST_TEST','SM');
INSERT INTO CUSTOMER_CENTER(Q_NO,MEM_NO,Q_TIT,Q_CON,QUESTION_CATEGORY) VALUES 
(SEQ_CUSTOMER_CENTER.NEXTVAL,'2','1:1문의 테스트 입니다.','TEST_TEST_TEST_TEST_TEST_TEST_TEST_TEST_TEST_TEST_TEST_TEST_TEST_TEST_TEST','PM');
INSERT INTO CUSTOMER_CENTER(Q_NO,MEM_NO,Q_TIT,Q_CON,QUESTION_CATEGORY) VALUES 
(SEQ_CUSTOMER_CENTER.NEXTVAL,'3','1:1문의 테스트 입니다.','TEST_TEST_TEST_TEST_TEST_TEST_TEST_TEST_TEST_TEST_TEST_TEST_TEST_TEST_TEST','NM');
INSERT INTO CUSTOMER_CENTER(Q_NO,MEM_NO,Q_TIT,Q_CON,QUESTION_CATEGORY) VALUES 
(SEQ_CUSTOMER_CENTER.NEXTVAL,'4','1:1문의 테스트 입니다.','TEST_TEST_TEST_TEST_TEST_TEST_TEST_TEST_TEST_TEST_TEST_TEST_TEST_TEST_TEST','PM');
INSERT INTO CUSTOMER_CENTER(Q_NO,MEM_NO,Q_TIT,Q_CON,QUESTION_CATEGORY) VALUES 
(SEQ_CUSTOMER_CENTER.NEXTVAL,'1','1:1문의 테스트 입니다.','TEST_TEST_TEST_TEST_TEST_TEST_TEST_TEST_TEST_TEST_TEST_TEST_TEST_TEST_TEST','NM');
INSERT INTO CUSTOMER_CENTER(Q_NO,MEM_NO,Q_TIT,Q_CON,QUESTION_CATEGORY) VALUES 
(SEQ_CUSTOMER_CENTER.NEXTVAL,'1','1:1문의 테스트 입니다.','TEST_TEST_TEST_TEST_TEST_TEST_TEST_TEST_TEST_TEST_TEST_TEST_TEST_TEST_TEST','NM');
INSERT INTO CUSTOMER_CENTER(Q_NO,MEM_NO,Q_TIT,Q_CON,QUESTION_CATEGORY) VALUES 
(SEQ_CUSTOMER_CENTER.NEXTVAL,'2','1:1문의 테스트 입니다.','TEST_TEST_TEST_TEST_TEST_TEST_TEST_TEST_TEST_TEST_TEST_TEST_TEST_TEST_TEST','SM');
INSERT INTO CUSTOMER_CENTER(Q_NO,MEM_NO,Q_TIT,Q_CON,QUESTION_CATEGORY) VALUES 
(SEQ_CUSTOMER_CENTER.NEXTVAL,'3','1:1문의 테스트 입니다.','TEST_TEST_TEST_TEST_TEST_TEST_TEST_TEST_TEST_TEST_TEST_TEST_TEST_TEST_TEST','SM');
INSERT INTO CUSTOMER_CENTER(Q_NO,MEM_NO,Q_TIT,Q_CON,QUESTION_CATEGORY) VALUES 
(SEQ_CUSTOMER_CENTER.NEXTVAL,'2','1:1문의 테스트 입니다.','TEST_TEST_TEST_TEST_TEST_TEST_TEST_TEST_TEST_TEST_TEST_TEST_TEST_TEST_TEST','NM');
INSERT INTO CUSTOMER_CENTER(Q_NO,MEM_NO,Q_TIT,Q_CON,QUESTION_CATEGORY) VALUES 
(SEQ_CUSTOMER_CENTER.NEXTVAL,'1','1:1문의 테스트 입니다.','TEST_TEST_TEST_TEST_TEST_TEST_TEST_TEST_TEST_TEST_TEST_TEST_TEST_TEST_TEST','PM');
INSERT INTO CUSTOMER_CENTER(Q_NO,MEM_NO,Q_TIT,Q_CON,QUESTION_CATEGORY) VALUES
(SEQ_CUSTOMER_CENTER.NEXTVAL,'1','1:1문의 테스트 입니다.','TEST_TEST_TEST_TEST_TEST_TEST_TEST_TEST_TEST_TEST_TEST_TEST_TEST_TEST_TEST','PM');
INSERT INTO CUSTOMER_CENTER(Q_NO,MEM_NO,Q_TIT,Q_CON,Q_WRITE_DATE,QUESTION_CATEGORY,ANSEWR,ANSEWR_DATE,UPDATE_DATE,DEL_YN) VALUES 
(SEQ_CUSTOMER_CENTER.NEXTVAL,'1','1:1문의 테스트 입니다.','TEST_TEST_TEST_TEST_TEST_TEST_TEST_TEST_TEST_TEST_TEST_TEST_TEST_TEST_TEST',SYSDATE-10,'NM','문의 답변입니다.',SYSDATE-8,SYSDATE-5,'N');
INSERT INTO CUSTOMER_CENTER(Q_NO,MEM_NO,Q_TIT,Q_CON,Q_WRITE_DATE,QUESTION_CATEGORY,ANSEWR,ANSEWR_DATE,UPDATE_DATE,DEL_YN) VALUES 
(SEQ_CUSTOMER_CENTER.NEXTVAL,'1','1:1문의 테스트 입니다.','TEST_TEST_TEST_TEST_TEST_TEST_TEST_TEST_TEST_TEST_TEST_TEST_TEST_TEST_TEST',SYSDATE-9,'NM','문의 답변입니다.',SYSDATE-7,SYSDATE-6,'N');
INSERT INTO CUSTOMER_CENTER(Q_NO,MEM_NO,Q_TIT,Q_CON,Q_WRITE_DATE,QUESTION_CATEGORY,ANSEWR,ANSEWR_DATE,DEL_YN) VALUES 
(SEQ_CUSTOMER_CENTER.NEXTVAL,'1','1:1문의 테스트 입니다.','TEST_TEST_TEST_TEST_TEST_TEST_TEST_TEST_TEST_TEST_TEST_TEST_TEST_TEST_TEST',SYSDATE-8,'NM','문의 답변입니다.',SYSDATE-5,'N');
INSERT INTO CUSTOMER_CENTER(Q_NO,MEM_NO,Q_TIT,Q_CON,Q_WRITE_DATE,QUESTION_CATEGORY,ANSEWR,ANSEWR_DATE,UPDATE_DATE,DEL_YN) VALUES 
(SEQ_CUSTOMER_CENTER.NEXTVAL,'1','1:1문의 테스트 입니다.','TEST_TEST_TEST_TEST_TEST_TEST_TEST_TEST_TEST_TEST_TEST_TEST_TEST_TEST_TEST',SYSDATE-7,'NM','문의 답변입니다.',SYSDATE-6,SYSDATE-3,'N');
INSERT INTO CUSTOMER_CENTER(Q_NO,MEM_NO,Q_TIT,Q_CON,Q_WRITE_DATE,QUESTION_CATEGORY,ANSEWR,ANSEWR_DATE,DEL_YN) VALUES 
(SEQ_CUSTOMER_CENTER.NEXTVAL,'1','1:1문의 테스트 입니다.','TEST_TEST_TEST_TEST_TEST_TEST_TEST_TEST_TEST_TEST_TEST_TEST_TEST_TEST_TEST',SYSDATE-5,'NM','문의 답변입니다.',SYSDATE-3,'N');
COMMIT;


--블로그
INSERT INTO BLOG (BLOG_NO, MEM_NO, OPEN_YN, LAYOUT, SKIN, CLOCK_YN, MAP_YN, R_COMMENTS_YN, FOLLOW_BLOG_YN, VISITORS_CNT_YN, BLOG_IMG, R_COMMENTS, VISIT_CNT, BLOG_MAIN, REP_YN, BLOG_TITLE, BLOG_URL)
VALUES (SEQ_BLOG_NO.NEXTVAL, 1, 'Y', '1', '1', 'N', 'N', 'N', 'N', 'N', 'blog_img1.jpg', '1', 0, null, 'Y', '범렬이의 코딩생활', 'goekw1');
INSERT INTO BLOG (BLOG_NO, MEM_NO, OPEN_YN, LAYOUT, SKIN, CLOCK_YN, MAP_YN, R_COMMENTS_YN, FOLLOW_BLOG_YN, VISITORS_CNT_YN, BLOG_IMG, R_COMMENTS, VISIT_CNT, BLOG_MAIN, REP_YN, BLOG_TITLE, BLOG_URL)
VALUES (SEQ_BLOG_NO.NEXTVAL, 1, 'Y', '2', '2', 'N', 'N', 'N', 'N', 'N', 'blog2.jpg', '1', 0, null, 'N', '1번회원 블로그제목', 'goekw2');
INSERT INTO BLOG (BLOG_NO, MEM_NO, OPEN_YN, LAYOUT, SKIN, CLOCK_YN, MAP_YN, R_COMMENTS_YN, FOLLOW_BLOG_YN, VISITORS_CNT_YN, BLOG_IMG, R_COMMENTS, VISIT_CNT, BLOG_MAIN, REP_YN, BLOG_TITLE, BLOG_URL)
VALUES (SEQ_BLOG_NO.NEXTVAL, 2, 'Y', '3', '3', 'N', 'N', 'N', 'N', 'N', 'blog3.jpg', '1', 0, null, 'Y', '2번회원 블로그제목', 'goekw3');
INSERT INTO BLOG (BLOG_NO, MEM_NO, OPEN_YN, LAYOUT, SKIN, CLOCK_YN, MAP_YN, R_COMMENTS_YN, FOLLOW_BLOG_YN, VISITORS_CNT_YN, BLOG_IMG, R_COMMENTS, VISIT_CNT, BLOG_MAIN, REP_YN, BLOG_TITLE, BLOG_URL)
VALUES (SEQ_BLOG_NO.NEXTVAL, 3, 'Y', '2', '4', 'N', 'N', 'N', 'N', 'N', 'blog4.jpg', '1', 0, null, 'Y', '3번회원 블로그제목', 'goekw4');
INSERT INTO BLOG (BLOG_NO, MEM_NO, OPEN_YN, LAYOUT, SKIN, CLOCK_YN, MAP_YN, R_COMMENTS_YN, FOLLOW_BLOG_YN, VISITORS_CNT_YN, BLOG_IMG, R_COMMENTS, VISIT_CNT, BLOG_MAIN, REP_YN, BLOG_TITLE, BLOG_URL)
VALUES (SEQ_BLOG_NO.NEXTVAL, 4, 'Y', '3', '5', 'N', 'N', 'N', 'N', 'N', 'blog5.jpg', '1', 0, null, 'Y', '4번회원 블로그제목', 'goekw5');
INSERT INTO BLOG (BLOG_NO, MEM_NO, OPEN_YN, LAYOUT, SKIN, CLOCK_YN, MAP_YN, R_COMMENTS_YN, FOLLOW_BLOG_YN, VISITORS_CNT_YN, BLOG_IMG, R_COMMENTS, VISIT_CNT, BLOG_MAIN, REP_YN, BLOG_TITLE, BLOG_URL)
VALUES (SEQ_BLOG_NO.NEXTVAL, 4, 'Y', '1', '6', 'N', 'N', 'N', 'N', 'N', 'blog6.jpg', '1', 0, null, 'N', '4번회원 블로그제목', 'goekw6');
INSERT INTO BLOG (BLOG_NO, MEM_NO, OPEN_YN, LAYOUT, SKIN, CLOCK_YN, MAP_YN, R_COMMENTS_YN, FOLLOW_BLOG_YN, VISITORS_CNT_YN, BLOG_IMG, R_COMMENTS, VISIT_CNT, BLOG_MAIN, REP_YN, BLOG_TITLE, BLOG_URL)
VALUES (SEQ_BLOG_NO.NEXTVAL, 5, 'Y', '2', '1', 'N', 'N', 'N', 'N', 'N', 'blog7.jpg', '1', 0, null, 'Y', '5번회원 블로그제목', 'goekw7');
INSERT INTO BLOG (BLOG_NO, MEM_NO, OPEN_YN, LAYOUT, SKIN, CLOCK_YN, MAP_YN, R_COMMENTS_YN, FOLLOW_BLOG_YN, VISITORS_CNT_YN, BLOG_IMG, R_COMMENTS, VISIT_CNT, BLOG_MAIN, REP_YN, BLOG_TITLE, BLOG_URL)
VALUES (SEQ_BLOG_NO.NEXTVAL, 6, 'Y', '3', '2', 'N', 'N', 'N', 'N', 'N', 'blog8.jpg', '1', 0, null, 'Y', '6번회원 블로그제목', 'goekw8');
INSERT INTO BLOG (BLOG_NO, MEM_NO, OPEN_YN, LAYOUT, SKIN, CLOCK_YN, MAP_YN, R_COMMENTS_YN, FOLLOW_BLOG_YN, VISITORS_CNT_YN, BLOG_IMG, R_COMMENTS, VISIT_CNT, BLOG_MAIN, REP_YN, BLOG_TITLE, BLOG_URL)
VALUES (SEQ_BLOG_NO.NEXTVAL, 7, 'Y', '1', '3', 'N', 'N', 'N', 'N', 'N', 'blog9.jpg', '1', 0, null, 'Y', '7번회원 블로그제목', 'goekw9');
INSERT INTO BLOG (BLOG_NO, MEM_NO, OPEN_YN, LAYOUT, SKIN, CLOCK_YN, MAP_YN, R_COMMENTS_YN, FOLLOW_BLOG_YN, VISITORS_CNT_YN, BLOG_IMG, R_COMMENTS, VISIT_CNT, BLOG_MAIN, REP_YN, BLOG_TITLE, BLOG_URL)
VALUES (SEQ_BLOG_NO.NEXTVAL, 8, 'Y', '1', '4', 'N', 'N', 'N', 'N', 'N', 'blog10.jpg', '1', 0, null, 'Y', '8번회원 블로그제목', 'goekw10');

COMMIT;
-- VISITORS (회원 방문자)
INSERT INTO VISITORS (VISITORS_NO, BLOG_NO, VISITORS_MEM_NO, VISIT_DATE) VALUES (SEQ_VISITORS_NO.NEXTVAL, 1, 2, SYSTIMESTAMP);
INSERT INTO VISITORS (VISITORS_NO, BLOG_NO, VISITORS_MEM_NO, VISIT_DATE) VALUES (SEQ_VISITORS_NO.NEXTVAL, 1, 3, SYSTIMESTAMP);
INSERT INTO VISITORS (VISITORS_NO, BLOG_NO, VISITORS_MEM_NO, VISIT_DATE) VALUES (SEQ_VISITORS_NO.NEXTVAL, 2, 4, SYSTIMESTAMP);
INSERT INTO VISITORS (VISITORS_NO, BLOG_NO, VISITORS_MEM_NO, VISIT_DATE) VALUES (SEQ_VISITORS_NO.NEXTVAL, 2, 5, SYSTIMESTAMP);
INSERT INTO VISITORS (VISITORS_NO, BLOG_NO, VISITORS_MEM_NO, VISIT_DATE) VALUES (SEQ_VISITORS_NO.NEXTVAL, 3, 6, SYSTIMESTAMP);
INSERT INTO VISITORS (VISITORS_NO, BLOG_NO, VISITORS_MEM_NO, VISIT_DATE) VALUES (SEQ_VISITORS_NO.NEXTVAL, 3, 7, SYSTIMESTAMP);
INSERT INTO VISITORS (VISITORS_NO, BLOG_NO, VISITORS_MEM_NO, VISIT_DATE) VALUES (SEQ_VISITORS_NO.NEXTVAL, 4, 8, SYSTIMESTAMP);
INSERT INTO VISITORS (VISITORS_NO, BLOG_NO, VISITORS_MEM_NO, VISIT_DATE) VALUES (SEQ_VISITORS_NO.NEXTVAL, 4, 9, SYSTIMESTAMP);
INSERT INTO VISITORS (VISITORS_NO, BLOG_NO, VISITORS_MEM_NO, VISIT_DATE) VALUES (SEQ_VISITORS_NO.NEXTVAL, 5, 10, SYSTIMESTAMP);
INSERT INTO VISITORS (VISITORS_NO, BLOG_NO, VISITORS_MEM_NO, VISIT_DATE) VALUES (SEQ_VISITORS_NO.NEXTVAL, 5, 1, SYSTIMESTAMP);
COMMIT;
-- BLOG (블로그)


-- MYBLOG_CATEGORY(내 블로그 카테고리)
INSERT INTO MYBLOG_CATEGORY (GROUP_NO, BLOG_NO, GROUP_NAME, GROUP_ORDER) VALUES (SEQ_GROUP_NO.NEXTVAL, 1, '기본카테고리1', 1);
INSERT INTO MYBLOG_CATEGORY (GROUP_NO, BLOG_NO, GROUP_NAME, GROUP_ORDER) VALUES (SEQ_GROUP_NO.NEXTVAL, 1, '기본카테고리2', 2);
INSERT INTO MYBLOG_CATEGORY (GROUP_NO, BLOG_NO, GROUP_NAME, GROUP_ORDER) VALUES (SEQ_GROUP_NO.NEXTVAL, 2, '기본카테고리1', 1);
INSERT INTO MYBLOG_CATEGORY (GROUP_NO, BLOG_NO, GROUP_NAME, GROUP_ORDER) VALUES (SEQ_GROUP_NO.NEXTVAL, 2, '기본카테고리2', 2);
INSERT INTO MYBLOG_CATEGORY (GROUP_NO, BLOG_NO, GROUP_NAME, GROUP_ORDER) VALUES (SEQ_GROUP_NO.NEXTVAL, 3, '기본카테고리1', 1);
INSERT INTO MYBLOG_CATEGORY (GROUP_NO, BLOG_NO, GROUP_NAME, GROUP_ORDER) VALUES (SEQ_GROUP_NO.NEXTVAL, 3, '기본카테고리2', 2);
INSERT INTO MYBLOG_CATEGORY (GROUP_NO, BLOG_NO, GROUP_NAME, GROUP_ORDER) VALUES (SEQ_GROUP_NO.NEXTVAL, 4, '기본카테고리1', 1);
INSERT INTO MYBLOG_CATEGORY (GROUP_NO, BLOG_NO, GROUP_NAME, GROUP_ORDER) VALUES (SEQ_GROUP_NO.NEXTVAL, 4, '기본카테고리2', 2);
INSERT INTO MYBLOG_CATEGORY (GROUP_NO, BLOG_NO, GROUP_NAME, GROUP_ORDER) VALUES (SEQ_GROUP_NO.NEXTVAL, 5, '기본카테고리1', 1);
INSERT INTO MYBLOG_CATEGORY (GROUP_NO, BLOG_NO, GROUP_NAME, GROUP_ORDER) VALUES (SEQ_GROUP_NO.NEXTVAL, 5, '기본카테고리2', 2);
COMMIT;

-- CATEGORY_LIST(카테고리)
INSERT INTO CATEGORY_LIST (CATEGORY_NO, CATEGORY_NAME) VALUES (SEQ_CATEGORY_LIST_NO.NEXTVAL, '미술/디자인');
INSERT INTO CATEGORY_LIST (CATEGORY_NO, CATEGORY_NAME) VALUES (SEQ_CATEGORY_LIST_NO.NEXTVAL, '반려동물');
INSERT INTO CATEGORY_LIST (CATEGORY_NO, CATEGORY_NAME) VALUES (SEQ_CATEGORY_LIST_NO.NEXTVAL, '사진');
INSERT INTO CATEGORY_LIST (CATEGORY_NO, CATEGORY_NAME) VALUES (SEQ_CATEGORY_LIST_NO.NEXTVAL, '어학/외국어');
INSERT INTO CATEGORY_LIST (CATEGORY_NO, CATEGORY_NAME) VALUES (SEQ_CATEGORY_LIST_NO.NEXTVAL, '게임');
INSERT INTO CATEGORY_LIST (CATEGORY_NO, CATEGORY_NAME) VALUES (SEQ_CATEGORY_LIST_NO.NEXTVAL, '자동차');
INSERT INTO CATEGORY_LIST (CATEGORY_NO, CATEGORY_NAME) VALUES (SEQ_CATEGORY_LIST_NO.NEXTVAL, '음식');
INSERT INTO CATEGORY_LIST (CATEGORY_NO, CATEGORY_NAME) VALUES (SEQ_CATEGORY_LIST_NO.NEXTVAL, '독서');
INSERT INTO CATEGORY_LIST (CATEGORY_NO, CATEGORY_NAME) VALUES (SEQ_CATEGORY_LIST_NO.NEXTVAL, '공부');
INSERT INTO CATEGORY_LIST (CATEGORY_NO, CATEGORY_NAME) VALUES (SEQ_CATEGORY_LIST_NO.NEXTVAL, '여행');
COMMIT;

-- POST(포스트)
INSERT INTO POST (POST_NO, BLOG_NO, CATEGORY_NO, GROUP_NO, TITLE, CONTENT, POST_IMG) VALUES (SEQ_POST_NO.NEXTVAL, 1, 1, 1, '제목101', '내용101', '/jdgr/resources/user/upload/img/jdgr_93789977.png');
INSERT INTO POST (POST_NO, BLOG_NO, CATEGORY_NO, GROUP_NO, TITLE, CONTENT, POST_IMG) VALUES (SEQ_POST_NO.NEXTVAL, 1, 1, 1, '제목102', '내용102', '/jdgr/resources/user/upload/img/jdgr_93789977.png');
INSERT INTO POST (POST_NO, BLOG_NO, CATEGORY_NO, GROUP_NO, TITLE, CONTENT, POST_IMG) VALUES (SEQ_POST_NO.NEXTVAL, 1, 1, 1, '제목103', '내용103', '/jdgr/resources/user/upload/img/jdgr_93789977.png');
INSERT INTO POST (POST_NO, BLOG_NO, CATEGORY_NO, GROUP_NO, TITLE, CONTENT, POST_IMG) VALUES (SEQ_POST_NO.NEXTVAL, 1, 1, 1, '제목104', '내용104', '/jdgr/resources/user/upload/img/jdgr_93789977.png');
INSERT INTO POST (POST_NO, BLOG_NO, CATEGORY_NO, GROUP_NO, TITLE, CONTENT, POST_IMG) VALUES (SEQ_POST_NO.NEXTVAL, 1, 1, 1, '제목105', '내용105', '/jdgr/resources/user/upload/img/jdgr_93789977.png');
INSERT INTO POST (POST_NO, BLOG_NO, CATEGORY_NO, GROUP_NO, TITLE, CONTENT, POST_IMG) VALUES (SEQ_POST_NO.NEXTVAL, 1, 1, 1, '제목106', '내용106', '/jdgr/resources/user/upload/img/jdgr_93789977.png');
INSERT INTO POST (POST_NO, BLOG_NO, CATEGORY_NO, GROUP_NO, TITLE, CONTENT, POST_IMG) VALUES (SEQ_POST_NO.NEXTVAL, 1, 1, 1, '제목107', '내용107', '/jdgr/resources/user/upload/img/jdgr_93789977.png');
INSERT INTO POST (POST_NO, BLOG_NO, CATEGORY_NO, GROUP_NO, TITLE, CONTENT, POST_IMG) VALUES (SEQ_POST_NO.NEXTVAL, 1, 1, 1, '제목108', '내용108', '/jdgr/resources/user/upload/img/jdgr_93789977.png');
INSERT INTO POST (POST_NO, BLOG_NO, CATEGORY_NO, GROUP_NO, TITLE, CONTENT, POST_IMG) VALUES (SEQ_POST_NO.NEXTVAL, 1, 1, 1, '제목109', '내용109', '/jdgr/resources/user/upload/img/jdgr_93789977.png');
INSERT INTO POST (POST_NO, BLOG_NO, CATEGORY_NO, GROUP_NO, TITLE, CONTENT, POST_IMG) VALUES (SEQ_POST_NO.NEXTVAL, 1, 1, 1, '제목110', '내용110', '/jdgr/resources/user/upload/img/jdgr_93789977.png');

INSERT INTO POST (POST_NO, BLOG_NO, CATEGORY_NO, GROUP_NO, TITLE, CONTENT, POST_IMG) VALUES (SEQ_POST_NO.NEXTVAL, 1, 1, 2, '제목111', '내용111', '/jdgr/resources/user/upload/img/jdgr_93789977.png');
INSERT INTO POST (POST_NO, BLOG_NO, CATEGORY_NO, GROUP_NO, TITLE, CONTENT, POST_IMG) VALUES (SEQ_POST_NO.NEXTVAL, 1, 1, 2, '제목112', '내용112', '/jdgr/resources/user/upload/img/jdgr_93789977.png');
INSERT INTO POST (POST_NO, BLOG_NO, CATEGORY_NO, GROUP_NO, TITLE, CONTENT, POST_IMG) VALUES (SEQ_POST_NO.NEXTVAL, 1, 1, 2, '제목113', '내용113', '/jdgr/resources/user/upload/img/jdgr_93789977.png');
INSERT INTO POST (POST_NO, BLOG_NO, CATEGORY_NO, GROUP_NO, TITLE, CONTENT, POST_IMG) VALUES (SEQ_POST_NO.NEXTVAL, 1, 1, 2, '제목114', '내용114', '/jdgr/resources/user/upload/img/jdgr_93789977.png');
INSERT INTO POST (POST_NO, BLOG_NO, CATEGORY_NO, GROUP_NO, TITLE, CONTENT, POST_IMG) VALUES (SEQ_POST_NO.NEXTVAL, 1, 1, 2, '제목115', '내용115', '/jdgr/resources/user/upload/img/jdgr_93789977.png');
INSERT INTO POST (POST_NO, BLOG_NO, CATEGORY_NO, GROUP_NO, TITLE, CONTENT, POST_IMG) VALUES (SEQ_POST_NO.NEXTVAL, 1, 1, 2, '제목116', '내용116', '/jdgr/resources/user/upload/img/jdgr_93789977.png');
INSERT INTO POST (POST_NO, BLOG_NO, CATEGORY_NO, GROUP_NO, TITLE, CONTENT, POST_IMG) VALUES (SEQ_POST_NO.NEXTVAL, 1, 1, 2, '제목117', '내용117', '/jdgr/resources/user/upload/img/jdgr_93789977.png');
INSERT INTO POST (POST_NO, BLOG_NO, CATEGORY_NO, GROUP_NO, TITLE, CONTENT, POST_IMG) VALUES (SEQ_POST_NO.NEXTVAL, 1, 1, 2, '제목118', '내용118', '/jdgr/resources/user/upload/img/jdgr_93789977.png');
INSERT INTO POST (POST_NO, BLOG_NO, CATEGORY_NO, GROUP_NO, TITLE, CONTENT, POST_IMG) VALUES (SEQ_POST_NO.NEXTVAL, 1, 1, 2, '제목119', '내용119', '/jdgr/resources/user/upload/img/jdgr_93789977.png');
INSERT INTO POST (POST_NO, BLOG_NO, CATEGORY_NO, GROUP_NO, TITLE, CONTENT, POST_IMG) VALUES (SEQ_POST_NO.NEXTVAL, 1, 1, 2, '제목120', '내용120', '/jdgr/resources/user/upload/img/jdgr_93789977.png');


INSERT INTO POST (POST_NO, BLOG_NO, CATEGORY_NO, GROUP_NO, TITLE, CONTENT, POST_IMG) VALUES (SEQ_POST_NO.NEXTVAL, 2, 1, 3, '제목121', '내용121', '/jdgr/resources/user/upload/img/jdgr_93789977.png');
INSERT INTO POST (POST_NO, BLOG_NO, CATEGORY_NO, GROUP_NO, TITLE, CONTENT, POST_IMG) VALUES (SEQ_POST_NO.NEXTVAL, 2, 1, 3, '제목122', '내용122', '/jdgr/resources/user/upload/img/jdgr_93789977.png');
INSERT INTO POST (POST_NO, BLOG_NO, CATEGORY_NO, GROUP_NO, TITLE, CONTENT, POST_IMG) VALUES (SEQ_POST_NO.NEXTVAL, 2, 1, 3, '제목123', '내용123', '/jdgr/resources/user/upload/img/jdgr_93789977.png');
INSERT INTO POST (POST_NO, BLOG_NO, CATEGORY_NO, GROUP_NO, TITLE, CONTENT, POST_IMG) VALUES (SEQ_POST_NO.NEXTVAL, 2, 1, 3, '제목124', '내용124', '/jdgr/resources/user/upload/img/jdgr_93789977.png');
INSERT INTO POST (POST_NO, BLOG_NO, CATEGORY_NO, GROUP_NO, TITLE, CONTENT, POST_IMG) VALUES (SEQ_POST_NO.NEXTVAL, 2, 1, 3, '제목125', '내용125', '/jdgr/resources/user/upload/img/jdgr_93789977.png');
INSERT INTO POST (POST_NO, BLOG_NO, CATEGORY_NO, GROUP_NO, TITLE, CONTENT, POST_IMG) VALUES (SEQ_POST_NO.NEXTVAL, 2, 1, 3, '제목126', '내용126', '/jdgr/resources/user/upload/img/jdgr_93789977.png');
INSERT INTO POST (POST_NO, BLOG_NO, CATEGORY_NO, GROUP_NO, TITLE, CONTENT, POST_IMG) VALUES (SEQ_POST_NO.NEXTVAL, 2, 1, 3, '제목127', '내용127', '/jdgr/resources/user/upload/img/jdgr_93789977.png');
INSERT INTO POST (POST_NO, BLOG_NO, CATEGORY_NO, GROUP_NO, TITLE, CONTENT, POST_IMG) VALUES (SEQ_POST_NO.NEXTVAL, 2, 1, 3, '제목128', '내용128', '/jdgr/resources/user/upload/img/jdgr_93789977.png');
INSERT INTO POST (POST_NO, BLOG_NO, CATEGORY_NO, GROUP_NO, TITLE, CONTENT, POST_IMG) VALUES (SEQ_POST_NO.NEXTVAL, 2, 1, 3, '제목129', '내용129', '/jdgr/resources/user/upload/img/jdgr_93789977.png');
INSERT INTO POST (POST_NO, BLOG_NO, CATEGORY_NO, GROUP_NO, TITLE, CONTENT, POST_IMG) VALUES (SEQ_POST_NO.NEXTVAL, 2, 1, 3, '제목130', '내용130', '/jdgr/resources/user/upload/img/jdgr_93789977.png');

INSERT INTO POST (POST_NO, BLOG_NO, CATEGORY_NO, GROUP_NO, TITLE, CONTENT, POST_IMG) VALUES (SEQ_POST_NO.NEXTVAL, 2, 1, 4, '제목131', '내용131', '/jdgr/resources/user/upload/img/jdgr_93789977.png');
INSERT INTO POST (POST_NO, BLOG_NO, CATEGORY_NO, GROUP_NO, TITLE, CONTENT, POST_IMG) VALUES (SEQ_POST_NO.NEXTVAL, 2, 1, 4, '제목132', '내용132', '/jdgr/resources/user/upload/img/jdgr_93789977.png');
INSERT INTO POST (POST_NO, BLOG_NO, CATEGORY_NO, GROUP_NO, TITLE, CONTENT, POST_IMG) VALUES (SEQ_POST_NO.NEXTVAL, 2, 1, 4, '제목133', '내용133', '/jdgr/resources/user/upload/img/jdgr_93789977.png');
INSERT INTO POST (POST_NO, BLOG_NO, CATEGORY_NO, GROUP_NO, TITLE, CONTENT, POST_IMG) VALUES (SEQ_POST_NO.NEXTVAL, 2, 1, 4, '제목134', '내용134', '/jdgr/resources/user/upload/img/jdgr_93789977.png');
INSERT INTO POST (POST_NO, BLOG_NO, CATEGORY_NO, GROUP_NO, TITLE, CONTENT, POST_IMG) VALUES (SEQ_POST_NO.NEXTVAL, 2, 1, 4, '제목135', '내용135', '/jdgr/resources/user/upload/img/jdgr_93789977.png');
INSERT INTO POST (POST_NO, BLOG_NO, CATEGORY_NO, GROUP_NO, TITLE, CONTENT, POST_IMG) VALUES (SEQ_POST_NO.NEXTVAL, 2, 1, 4, '제목136', '내용136', '/jdgr/resources/user/upload/img/jdgr_93789977.png');
INSERT INTO POST (POST_NO, BLOG_NO, CATEGORY_NO, GROUP_NO, TITLE, CONTENT, POST_IMG) VALUES (SEQ_POST_NO.NEXTVAL, 2, 1, 4, '제목137', '내용137', '/jdgr/resources/user/upload/img/jdgr_93789977.png');
INSERT INTO POST (POST_NO, BLOG_NO, CATEGORY_NO, GROUP_NO, TITLE, CONTENT, POST_IMG) VALUES (SEQ_POST_NO.NEXTVAL, 2, 1, 4, '제목138', '내용138', '/jdgr/resources/user/upload/img/jdgr_93789977.png');
INSERT INTO POST (POST_NO, BLOG_NO, CATEGORY_NO, GROUP_NO, TITLE, CONTENT, POST_IMG) VALUES (SEQ_POST_NO.NEXTVAL, 2, 1, 4, '제목139', '내용139', '/jdgr/resources/user/upload/img/jdgr_93789977.png');
INSERT INTO POST (POST_NO, BLOG_NO, CATEGORY_NO, GROUP_NO, TITLE, CONTENT, POST_IMG) VALUES (SEQ_POST_NO.NEXTVAL, 2, 1, 4, '제목140', '내용140', '/jdgr/resources/user/upload/img/jdgr_93789977.png');


INSERT INTO POST (POST_NO, BLOG_NO, CATEGORY_NO, GROUP_NO, TITLE, CONTENT, POST_IMG) VALUES (SEQ_POST_NO.NEXTVAL, 3, 1, 5, '제목141', '내용121', '/jdgr/resources/user/upload/img/jdgr_93789977.png');
INSERT INTO POST (POST_NO, BLOG_NO, CATEGORY_NO, GROUP_NO, TITLE, CONTENT, POST_IMG) VALUES (SEQ_POST_NO.NEXTVAL, 3, 1, 5, '제목142', '내용122', '/jdgr/resources/user/upload/img/jdgr_93789977.png');
INSERT INTO POST (POST_NO, BLOG_NO, CATEGORY_NO, GROUP_NO, TITLE, CONTENT, POST_IMG) VALUES (SEQ_POST_NO.NEXTVAL, 3, 1, 5, '제목143', '내용123', '/jdgr/resources/user/upload/img/jdgr_93789977.png');
INSERT INTO POST (POST_NO, BLOG_NO, CATEGORY_NO, GROUP_NO, TITLE, CONTENT, POST_IMG) VALUES (SEQ_POST_NO.NEXTVAL, 3, 1, 5, '제목144', '내용124', '/jdgr/resources/user/upload/img/jdgr_93789977.png');
INSERT INTO POST (POST_NO, BLOG_NO, CATEGORY_NO, GROUP_NO, TITLE, CONTENT, POST_IMG) VALUES (SEQ_POST_NO.NEXTVAL, 3, 1, 5, '제목145', '내용125', '/jdgr/resources/user/upload/img/jdgr_93789977.png');
INSERT INTO POST (POST_NO, BLOG_NO, CATEGORY_NO, GROUP_NO, TITLE, CONTENT, POST_IMG) VALUES (SEQ_POST_NO.NEXTVAL, 3, 1, 5, '제목146', '내용126', '/jdgr/resources/user/upload/img/jdgr_93789977.png');
INSERT INTO POST (POST_NO, BLOG_NO, CATEGORY_NO, GROUP_NO, TITLE, CONTENT, POST_IMG) VALUES (SEQ_POST_NO.NEXTVAL, 3, 1, 5, '제목147', '내용127', '/jdgr/resources/user/upload/img/jdgr_93789977.png');
INSERT INTO POST (POST_NO, BLOG_NO, CATEGORY_NO, GROUP_NO, TITLE, CONTENT, POST_IMG) VALUES (SEQ_POST_NO.NEXTVAL, 3, 1, 5, '제목148', '내용128', '/jdgr/resources/user/upload/img/jdgr_93789977.png');
INSERT INTO POST (POST_NO, BLOG_NO, CATEGORY_NO, GROUP_NO, TITLE, CONTENT, POST_IMG) VALUES (SEQ_POST_NO.NEXTVAL, 3, 1, 5, '제목149', '내용129', '/jdgr/resources/user/upload/img/jdgr_93789977.png');
INSERT INTO POST (POST_NO, BLOG_NO, CATEGORY_NO, GROUP_NO, TITLE, CONTENT, POST_IMG) VALUES (SEQ_POST_NO.NEXTVAL, 3, 1, 5, '제목150', '내용130', '/jdgr/resources/user/upload/img/jdgr_93789977.png');

INSERT INTO POST (POST_NO, BLOG_NO, CATEGORY_NO, GROUP_NO, TITLE, CONTENT, POST_IMG) VALUES (SEQ_POST_NO.NEXTVAL, 3, 1, 6, '제목151', '내용131', '/jdgr/resources/user/upload/img/jdgr_93789977.png');
INSERT INTO POST (POST_NO, BLOG_NO, CATEGORY_NO, GROUP_NO, TITLE, CONTENT, POST_IMG) VALUES (SEQ_POST_NO.NEXTVAL, 3, 1, 6, '제목152', '내용132', '/jdgr/resources/user/upload/img/jdgr_93789977.png');
INSERT INTO POST (POST_NO, BLOG_NO, CATEGORY_NO, GROUP_NO, TITLE, CONTENT, POST_IMG) VALUES (SEQ_POST_NO.NEXTVAL, 3, 1, 6, '제목153', '내용133', '/jdgr/resources/user/upload/img/jdgr_93789977.png');
INSERT INTO POST (POST_NO, BLOG_NO, CATEGORY_NO, GROUP_NO, TITLE, CONTENT, POST_IMG) VALUES (SEQ_POST_NO.NEXTVAL, 3, 1, 6, '제목154', '내용134', '/jdgr/resources/user/upload/img/jdgr_93789977.png');
INSERT INTO POST (POST_NO, BLOG_NO, CATEGORY_NO, GROUP_NO, TITLE, CONTENT, POST_IMG) VALUES (SEQ_POST_NO.NEXTVAL, 3, 1, 6, '제목155', '내용135', '/jdgr/resources/user/upload/img/jdgr_93789977.png');
INSERT INTO POST (POST_NO, BLOG_NO, CATEGORY_NO, GROUP_NO, TITLE, CONTENT, POST_IMG) VALUES (SEQ_POST_NO.NEXTVAL, 3, 1, 6, '제목156', '내용136', '/jdgr/resources/user/upload/img/jdgr_93789977.png');
INSERT INTO POST (POST_NO, BLOG_NO, CATEGORY_NO, GROUP_NO, TITLE, CONTENT, POST_IMG) VALUES (SEQ_POST_NO.NEXTVAL, 3, 1, 6, '제목157', '내용137', '/jdgr/resources/user/upload/img/jdgr_93789977.png');
INSERT INTO POST (POST_NO, BLOG_NO, CATEGORY_NO, GROUP_NO, TITLE, CONTENT, POST_IMG) VALUES (SEQ_POST_NO.NEXTVAL, 3, 1, 6, '제목158', '내용138', '/jdgr/resources/user/upload/img/jdgr_93789977.png');
INSERT INTO POST (POST_NO, BLOG_NO, CATEGORY_NO, GROUP_NO, TITLE, CONTENT, POST_IMG) VALUES (SEQ_POST_NO.NEXTVAL, 3, 1, 6, '제목159', '내용139', '/jdgr/resources/user/upload/img/jdgr_93789977.png');
INSERT INTO POST (POST_NO, BLOG_NO, CATEGORY_NO, GROUP_NO, TITLE, CONTENT, POST_IMG) VALUES (SEQ_POST_NO.NEXTVAL, 3, 1, 6, '제목160', '내용140', '/jdgr/resources/user/upload/img/jdgr_93789977.png');


INSERT INTO POST (POST_NO, BLOG_NO, CATEGORY_NO, GROUP_NO, TITLE, CONTENT, POST_IMG) VALUES (SEQ_POST_NO.NEXTVAL, 4, 1, 7, '제목161', '내용121', '/jdgr/resources/user/upload/img/jdgr_93789977.png');
INSERT INTO POST (POST_NO, BLOG_NO, CATEGORY_NO, GROUP_NO, TITLE, CONTENT, POST_IMG) VALUES (SEQ_POST_NO.NEXTVAL, 4, 1, 7, '제목162', '내용122', '/jdgr/resources/user/upload/img/jdgr_93789977.png');
INSERT INTO POST (POST_NO, BLOG_NO, CATEGORY_NO, GROUP_NO, TITLE, CONTENT, POST_IMG) VALUES (SEQ_POST_NO.NEXTVAL, 4, 1, 7, '제목163', '내용123', '/jdgr/resources/user/upload/img/jdgr_93789977.png');
INSERT INTO POST (POST_NO, BLOG_NO, CATEGORY_NO, GROUP_NO, TITLE, CONTENT, POST_IMG) VALUES (SEQ_POST_NO.NEXTVAL, 4, 1, 7, '제목164', '내용124', '/jdgr/resources/user/upload/img/jdgr_93789977.png');
INSERT INTO POST (POST_NO, BLOG_NO, CATEGORY_NO, GROUP_NO, TITLE, CONTENT, POST_IMG) VALUES (SEQ_POST_NO.NEXTVAL, 4, 1, 7, '제목165', '내용125', '/jdgr/resources/user/upload/img/jdgr_93789977.png');
INSERT INTO POST (POST_NO, BLOG_NO, CATEGORY_NO, GROUP_NO, TITLE, CONTENT, POST_IMG) VALUES (SEQ_POST_NO.NEXTVAL, 4, 1, 7, '제목166', '내용126', '/jdgr/resources/user/upload/img/jdgr_93789977.png');
INSERT INTO POST (POST_NO, BLOG_NO, CATEGORY_NO, GROUP_NO, TITLE, CONTENT, POST_IMG) VALUES (SEQ_POST_NO.NEXTVAL, 4, 1, 7, '제목167', '내용127', '/jdgr/resources/user/upload/img/jdgr_93789977.png');
INSERT INTO POST (POST_NO, BLOG_NO, CATEGORY_NO, GROUP_NO, TITLE, CONTENT, POST_IMG) VALUES (SEQ_POST_NO.NEXTVAL, 4, 1, 7, '제목168', '내용128', '/jdgr/resources/user/upload/img/jdgr_93789977.png');
INSERT INTO POST (POST_NO, BLOG_NO, CATEGORY_NO, GROUP_NO, TITLE, CONTENT, POST_IMG) VALUES (SEQ_POST_NO.NEXTVAL, 4, 1, 7, '제목169', '내용129', '/jdgr/resources/user/upload/img/jdgr_93789977.png');
INSERT INTO POST (POST_NO, BLOG_NO, CATEGORY_NO, GROUP_NO, TITLE, CONTENT, POST_IMG) VALUES (SEQ_POST_NO.NEXTVAL, 4, 1, 7, '제목170', '내용130', '/jdgr/resources/user/upload/img/jdgr_93789977.png');

INSERT INTO POST (POST_NO, BLOG_NO, CATEGORY_NO, GROUP_NO, TITLE, CONTENT, POST_IMG) VALUES (SEQ_POST_NO.NEXTVAL, 4, 1, 8, '제목171', '내용131', '/jdgr/resources/user/upload/img/jdgr_93789977.png');
INSERT INTO POST (POST_NO, BLOG_NO, CATEGORY_NO, GROUP_NO, TITLE, CONTENT, POST_IMG) VALUES (SEQ_POST_NO.NEXTVAL, 4, 1, 8, '제목172', '내용132', '/jdgr/resources/user/upload/img/jdgr_93789977.png');
INSERT INTO POST (POST_NO, BLOG_NO, CATEGORY_NO, GROUP_NO, TITLE, CONTENT, POST_IMG) VALUES (SEQ_POST_NO.NEXTVAL, 4, 1, 8, '제목173', '내용133', '/jdgr/resources/user/upload/img/jdgr_93789977.png');
INSERT INTO POST (POST_NO, BLOG_NO, CATEGORY_NO, GROUP_NO, TITLE, CONTENT, POST_IMG) VALUES (SEQ_POST_NO.NEXTVAL, 4, 1, 8, '제목174', '내용134', '/jdgr/resources/user/upload/img/jdgr_93789977.png');
INSERT INTO POST (POST_NO, BLOG_NO, CATEGORY_NO, GROUP_NO, TITLE, CONTENT, POST_IMG) VALUES (SEQ_POST_NO.NEXTVAL, 4, 1, 8, '제목175', '내용135', '/jdgr/resources/user/upload/img/jdgr_93789977.png');
INSERT INTO POST (POST_NO, BLOG_NO, CATEGORY_NO, GROUP_NO, TITLE, CONTENT, POST_IMG) VALUES (SEQ_POST_NO.NEXTVAL, 4, 1, 8, '제목176', '내용136', '/jdgr/resources/user/upload/img/jdgr_93789977.png');
INSERT INTO POST (POST_NO, BLOG_NO, CATEGORY_NO, GROUP_NO, TITLE, CONTENT, POST_IMG) VALUES (SEQ_POST_NO.NEXTVAL, 4, 1, 8, '제목177', '내용137', '/jdgr/resources/user/upload/img/jdgr_93789977.png');
INSERT INTO POST (POST_NO, BLOG_NO, CATEGORY_NO, GROUP_NO, TITLE, CONTENT, POST_IMG) VALUES (SEQ_POST_NO.NEXTVAL, 4, 1, 8, '제목178', '내용138', '/jdgr/resources/user/upload/img/jdgr_93789977.png');
INSERT INTO POST (POST_NO, BLOG_NO, CATEGORY_NO, GROUP_NO, TITLE, CONTENT, POST_IMG) VALUES (SEQ_POST_NO.NEXTVAL, 4, 1, 8, '제목179', '내용139', '/jdgr/resources/user/upload/img/jdgr_93789977.png');
INSERT INTO POST (POST_NO, BLOG_NO, CATEGORY_NO, GROUP_NO, TITLE, CONTENT, POST_IMG) VALUES (SEQ_POST_NO.NEXTVAL, 4, 1, 8, '제목180', '내용140', '/jdgr/resources/user/upload/img/jdgr_93789977.png');

INSERT INTO POST (POST_NO, BLOG_NO, CATEGORY_NO, GROUP_NO, TITLE, CONTENT, POST_IMG) VALUES (SEQ_POST_NO.NEXTVAL, 5, 1, 9, '제목181', '내용121', '/jdgr/resources/user/upload/img/jdgr_93789977.png');
INSERT INTO POST (POST_NO, BLOG_NO, CATEGORY_NO, GROUP_NO, TITLE, CONTENT, POST_IMG) VALUES (SEQ_POST_NO.NEXTVAL, 5, 1, 9, '제목182', '내용122', '/jdgr/resources/user/upload/img/jdgr_93789977.png');
INSERT INTO POST (POST_NO, BLOG_NO, CATEGORY_NO, GROUP_NO, TITLE, CONTENT, POST_IMG) VALUES (SEQ_POST_NO.NEXTVAL, 5, 1, 9, '제목183', '내용123', '/jdgr/resources/user/upload/img/jdgr_93789977.png');
INSERT INTO POST (POST_NO, BLOG_NO, CATEGORY_NO, GROUP_NO, TITLE, CONTENT, POST_IMG) VALUES (SEQ_POST_NO.NEXTVAL, 5, 1, 9, '제목184', '내용124', '/jdgr/resources/user/upload/img/jdgr_93789977.png');
INSERT INTO POST (POST_NO, BLOG_NO, CATEGORY_NO, GROUP_NO, TITLE, CONTENT, POST_IMG) VALUES (SEQ_POST_NO.NEXTVAL, 5, 1, 9, '제목185', '내용125', '/jdgr/resources/user/upload/img/jdgr_93789977.png');
INSERT INTO POST (POST_NO, BLOG_NO, CATEGORY_NO, GROUP_NO, TITLE, CONTENT, POST_IMG) VALUES (SEQ_POST_NO.NEXTVAL, 5, 1, 9, '제목186', '내용126', '/jdgr/resources/user/upload/img/jdgr_93789977.png');
INSERT INTO POST (POST_NO, BLOG_NO, CATEGORY_NO, GROUP_NO, TITLE, CONTENT, POST_IMG) VALUES (SEQ_POST_NO.NEXTVAL, 5, 1, 9, '제목187', '내용127', '/jdgr/resources/user/upload/img/jdgr_93789977.png');
INSERT INTO POST (POST_NO, BLOG_NO, CATEGORY_NO, GROUP_NO, TITLE, CONTENT, POST_IMG) VALUES (SEQ_POST_NO.NEXTVAL, 5, 1, 9, '제목188', '내용128', '/jdgr/resources/user/upload/img/jdgr_93789977.png');
INSERT INTO POST (POST_NO, BLOG_NO, CATEGORY_NO, GROUP_NO, TITLE, CONTENT, POST_IMG) VALUES (SEQ_POST_NO.NEXTVAL, 5, 1, 9, '제목189', '내용129', '/jdgr/resources/user/upload/img/jdgr_93789977.png');
INSERT INTO POST (POST_NO, BLOG_NO, CATEGORY_NO, GROUP_NO, TITLE, CONTENT, POST_IMG) VALUES (SEQ_POST_NO.NEXTVAL, 5, 1, 9, '제목190', '내용130', '/jdgr/resources/user/upload/img/jdgr_93789977.png');

INSERT INTO POST (POST_NO, BLOG_NO, CATEGORY_NO, GROUP_NO, TITLE, CONTENT, POST_IMG) VALUES (SEQ_POST_NO.NEXTVAL, 5, 1, 10, '제목191', '내용131', '/jdgr/resources/user/upload/img/jdgr_93789977.png');
INSERT INTO POST (POST_NO, BLOG_NO, CATEGORY_NO, GROUP_NO, TITLE, CONTENT, POST_IMG) VALUES (SEQ_POST_NO.NEXTVAL, 5, 1, 10, '제목192', '내용132', '/jdgr/resources/user/upload/img/jdgr_93789977.png');
INSERT INTO POST (POST_NO, BLOG_NO, CATEGORY_NO, GROUP_NO, TITLE, CONTENT, POST_IMG) VALUES (SEQ_POST_NO.NEXTVAL, 5, 1, 10, '제목193', '내용133', '/jdgr/resources/user/upload/img/jdgr_93789977.png');
INSERT INTO POST (POST_NO, BLOG_NO, CATEGORY_NO, GROUP_NO, TITLE, CONTENT, POST_IMG) VALUES (SEQ_POST_NO.NEXTVAL, 5, 1, 10, '제목194', '내용134', '/jdgr/resources/user/upload/img/jdgr_93789977.png');
INSERT INTO POST (POST_NO, BLOG_NO, CATEGORY_NO, GROUP_NO, TITLE, CONTENT, POST_IMG) VALUES (SEQ_POST_NO.NEXTVAL, 5, 1, 10, '제목195', '내용135', '/jdgr/resources/user/upload/img/jdgr_93789977.png');
INSERT INTO POST (POST_NO, BLOG_NO, CATEGORY_NO, GROUP_NO, TITLE, CONTENT, POST_IMG) VALUES (SEQ_POST_NO.NEXTVAL, 5, 1, 10, '제목196', '내용136', '/jdgr/resources/user/upload/img/jdgr_93789977.png');
INSERT INTO POST (POST_NO, BLOG_NO, CATEGORY_NO, GROUP_NO, TITLE, CONTENT, POST_IMG) VALUES (SEQ_POST_NO.NEXTVAL, 5, 1, 10, '제목197', '내용137', '/jdgr/resources/user/upload/img/jdgr_93789977.png');
INSERT INTO POST (POST_NO, BLOG_NO, CATEGORY_NO, GROUP_NO, TITLE, CONTENT, POST_IMG) VALUES (SEQ_POST_NO.NEXTVAL, 5, 1, 10, '제목198', '내용138', '/jdgr/resources/user/upload/img/jdgr_93789977.png');
INSERT INTO POST (POST_NO, BLOG_NO, CATEGORY_NO, GROUP_NO, TITLE, CONTENT, POST_IMG) VALUES (SEQ_POST_NO.NEXTVAL, 5, 1, 10, '제목199', '내용139', '/jdgr/resources/user/upload/img/jdgr_93789977.png');
INSERT INTO POST (POST_NO, BLOG_NO, CATEGORY_NO, GROUP_NO, TITLE, CONTENT, POST_IMG) VALUES (SEQ_POST_NO.NEXTVAL, 5, 1, 10, '제목200', '내용140', '/jdgr/resources/user/upload/img/jdgr_93789977.png');
COMMIT;

-- HEART(공감)
INSERT INTO HEART (POST_NO, MEM_NO) VALUES(1, 1);
INSERT INTO HEART (POST_NO, MEM_NO) VALUES(2, 2);
INSERT INTO HEART (POST_NO, MEM_NO) VALUES(3, 3);
INSERT INTO HEART (POST_NO, MEM_NO) VALUES(4, 4);
INSERT INTO HEART (POST_NO, MEM_NO) VALUES(5, 5);
INSERT INTO HEART (POST_NO, MEM_NO) VALUES(6, 6);
INSERT INTO HEART (POST_NO, MEM_NO) VALUES(7, 7);
INSERT INTO HEART (POST_NO, MEM_NO) VALUES(8, 8);
INSERT INTO HEART (POST_NO, MEM_NO) VALUES(9, 9);
INSERT INTO HEART (POST_NO, MEM_NO) VALUES(10, 10);
COMMIT;

--ALARM(알람)
INSERT INTO ALARM (ALARM_NO, RECEIVER_NO, POST_NO, SENDER_NO, ALARM_TYPE, ALARM_DATE, ACTIVE_YN) VALUES(SEQ_ALARM.NEXTVAL, 2, 1, 1, 'POST', TIMESTAMP '2023-11-29 14:01:00', 'N');
INSERT INTO ALARM (ALARM_NO, RECEIVER_NO, POST_NO, SENDER_NO, ALARM_TYPE, ALARM_DATE, ACTIVE_YN) VALUES(SEQ_ALARM.NEXTVAL, 1, 2, 2, 'POST', TIMESTAMP '2023-11-29 14:02:00', 'N');
INSERT INTO ALARM (ALARM_NO, RECEIVER_NO, POST_NO, SENDER_NO, ALARM_TYPE, ALARM_DATE, ACTIVE_YN) VALUES(SEQ_ALARM.NEXTVAL, 1, 3, 3, 'POST', TIMESTAMP '2023-11-29 14:03:00', 'N');
INSERT INTO ALARM (ALARM_NO, RECEIVER_NO, SENDER_NO, ALARM_TYPE, ALARM_DATE, ACTIVE_YN) VALUES(SEQ_ALARM.NEXTVAL, 1,  4, 'FOLLOW', TIMESTAMP '2023-11-29 14:04:00', 'N');
INSERT INTO ALARM (ALARM_NO, RECEIVER_NO, SENDER_NO, ALARM_TYPE, ALARM_DATE, ACTIVE_YN) VALUES(SEQ_ALARM.NEXTVAL, 5,  5, 'FOLLOW', TIMESTAMP '2023-11-29 14:05:00', 'N');
INSERT INTO ALARM (ALARM_NO, RECEIVER_NO, POST_NO, SENDER_NO, ALARM_TYPE, ALARM_DATE, ACTIVE_YN) VALUES(SEQ_ALARM.NEXTVAL, 1, 6, 6, 'REPL', TIMESTAMP '2023-11-29 14:06:00', 'Y');
INSERT INTO ALARM (ALARM_NO, RECEIVER_NO, POST_NO, SENDER_NO, ALARM_TYPE, ALARM_DATE, ACTIVE_YN) VALUES(SEQ_ALARM.NEXTVAL, 1, 7, 7, 'REPL', TIMESTAMP '2023-11-29 14:07:00', 'Y');
INSERT INTO ALARM (ALARM_NO, RECEIVER_NO, POST_NO, SENDER_NO, ALARM_TYPE, ALARM_DATE, ACTIVE_YN) VALUES(SEQ_ALARM.NEXTVAL, 1, 8, 8, 'REPL', TIMESTAMP '2023-11-29 14:08:00', 'Y');
INSERT INTO ALARM (ALARM_NO, RECEIVER_NO, POST_NO, SENDER_NO, ALARM_TYPE, ALARM_DATE, ACTIVE_YN) VALUES(SEQ_ALARM.NEXTVAL, 9, 9, 9, 'REPL', TIMESTAMP '2023-11-29 14:09:00', 'Y');
INSERT INTO ALARM (ALARM_NO, RECEIVER_NO, POST_NO, SENDER_NO, ALARM_TYPE, ALARM_DATE, ACTIVE_YN) VALUES(SEQ_ALARM.NEXTVAL, 10, 10, 3, 'HEART', TIMESTAMP '2023-11-29 14:10:00', 'N');
INSERT INTO ALARM (ALARM_NO, RECEIVER_NO, POST_NO, SENDER_NO, ALARM_TYPE, ALARM_DATE, ACTIVE_YN) VALUES(SEQ_ALARM.NEXTVAL, 1, 9, 6, 'HEART', TIMESTAMP '2023-11-29 14:10:00', 'N');
INSERT INTO ALARM (ALARM_NO, RECEIVER_NO, POST_NO, SENDER_NO, ALARM_TYPE, ALARM_DATE, ACTIVE_YN) VALUES(SEQ_ALARM.NEXTVAL, 11, 8, 7, 'HEART', TIMESTAMP '2023-11-29 14:10:00', 'N');
INSERT INTO ALARM (ALARM_NO, RECEIVER_NO, POST_NO, SENDER_NO, ALARM_TYPE, ALARM_DATE, ACTIVE_YN) VALUES(SEQ_ALARM.NEXTVAL, 11, 1, 8, 'HEART', TIMESTAMP '2023-11-29 14:10:00', 'N');
INSERT INTO ALARM (ALARM_NO, RECEIVER_NO, POST_NO, SENDER_NO, ALARM_TYPE, ALARM_DATE, ACTIVE_YN) VALUES(SEQ_ALARM.NEXTVAL, 1, 3, 1, 'HEART', TIMESTAMP '2023-11-29 14:10:00', 'N');
COMMIT;

--REPLY(댓글)
INSERT INTO REPLY (REPLY_NO, POST_NO, REPLY_MEM, PARENTS_NO, CON) VALUES(SEQ_REPLY_NO.NEXTVAL, 1, 1, NULL, '블로그 포스팅 내용이 재미있네요 ㅎㅎ');
INSERT INTO REPLY (REPLY_NO, POST_NO, REPLY_MEM, PARENTS_NO, CON) VALUES(SEQ_REPLY_NO.NEXTVAL, 1, 2, NULL, '블로그 포스팅 내용이 재미있네요 ㅎㅎ');
INSERT INTO REPLY (REPLY_NO, POST_NO, REPLY_MEM, PARENTS_NO, CON) VALUES(SEQ_REPLY_NO.NEXTVAL, 1, 3, NULL, '블로그 포스팅 내용이 재미있네요 ㅎㅎ');
INSERT INTO REPLY (REPLY_NO, POST_NO, REPLY_MEM, PARENTS_NO, CON) VALUES(SEQ_REPLY_NO.NEXTVAL, 1, 4, NULL, '블로그 포스팅 내용이 재미있네요 ㅎㅎ');
INSERT INTO REPLY (REPLY_NO, POST_NO, REPLY_MEM, PARENTS_NO, CON) VALUES(SEQ_REPLY_NO.NEXTVAL, 1, 5, NULL, '블로그 포스팅 내용이 재미있네요 ㅎㅎ');
INSERT INTO REPLY (REPLY_NO, POST_NO, REPLY_MEM, PARENTS_NO, CON) VALUES(SEQ_REPLY_NO.NEXTVAL, 2, 1, NULL, '블로그 포스팅 내용이 재미있네요 ㅎㅎ');
INSERT INTO REPLY (REPLY_NO, POST_NO, REPLY_MEM, PARENTS_NO, CON) VALUES(SEQ_REPLY_NO.NEXTVAL, 2, 2, NULL, '블로그 포스팅 내용이 재미있네요 ㅎㅎ');
INSERT INTO REPLY (REPLY_NO, POST_NO, REPLY_MEM, PARENTS_NO, CON) VALUES(SEQ_REPLY_NO.NEXTVAL, 2, 3, NULL, '블로그 포스팅 내용이 재미있네요 ㅎㅎ');
INSERT INTO REPLY (REPLY_NO, POST_NO, REPLY_MEM, PARENTS_NO, CON) VALUES(SEQ_REPLY_NO.NEXTVAL, 2, 4, NULL, '블로그 포스팅 내용이 재미있네요 ㅎㅎ');
INSERT INTO REPLY (REPLY_NO, POST_NO, REPLY_MEM, PARENTS_NO, CON) VALUES(SEQ_REPLY_NO.NEXTVAL, 2, 5, NULL, '블로그 포스팅 내용이 재미있네요 ㅎㅎ');
INSERT INTO REPLY (REPLY_NO, POST_NO, REPLY_MEM, PARENTS_NO, CON) VALUES(SEQ_REPLY_NO.NEXTVAL, 3, 1, NULL, '블로그 포스팅 내용이 재미있네요 ㅎㅎ');
INSERT INTO REPLY (REPLY_NO, POST_NO, REPLY_MEM, PARENTS_NO, CON) VALUES(SEQ_REPLY_NO.NEXTVAL, 3, 2, NULL, '블로그 포스팅 내용이 재미있네요 ㅎㅎ');
INSERT INTO REPLY (REPLY_NO, POST_NO, REPLY_MEM, PARENTS_NO, CON) VALUES(SEQ_REPLY_NO.NEXTVAL, 3, 3, NULL, '블로그 포스팅 내용이 재미있네요 ㅎㅎ');
INSERT INTO REPLY (REPLY_NO, POST_NO, REPLY_MEM, PARENTS_NO, CON) VALUES(SEQ_REPLY_NO.NEXTVAL, 3, 4, NULL, '블로그 포스팅 내용이 재미있네요 ㅎㅎ');
INSERT INTO REPLY (REPLY_NO, POST_NO, REPLY_MEM, PARENTS_NO, CON) VALUES(SEQ_REPLY_NO.NEXTVAL, 3, 5, NULL, '블로그 포스팅 내용이 재미있네요 ㅎㅎ');
INSERT INTO REPLY (REPLY_NO, POST_NO, REPLY_MEM, PARENTS_NO, CON) VALUES(SEQ_REPLY_NO.NEXTVAL, 4, 1, NULL, '블로그 포스팅 내용이 재미있네요 ㅎㅎ');
INSERT INTO REPLY (REPLY_NO, POST_NO, REPLY_MEM, PARENTS_NO, CON) VALUES(SEQ_REPLY_NO.NEXTVAL, 4, 2, NULL, '블로그 포스팅 내용이 재미있네요 ㅎㅎ');
INSERT INTO REPLY (REPLY_NO, POST_NO, REPLY_MEM, PARENTS_NO, CON) VALUES(SEQ_REPLY_NO.NEXTVAL, 4, 3, NULL, '블로그 포스팅 내용이 재미있네요 ㅎㅎ');
INSERT INTO REPLY (REPLY_NO, POST_NO, REPLY_MEM, PARENTS_NO, CON) VALUES(SEQ_REPLY_NO.NEXTVAL, 4, 4, NULL, '블로그 포스팅 내용이 재미있네요 ㅎㅎ');
INSERT INTO REPLY (REPLY_NO, POST_NO, REPLY_MEM, PARENTS_NO, CON) VALUES(SEQ_REPLY_NO.NEXTVAL, 4, 5, NULL, '블로그 포스팅 내용이 재미있네요 ㅎㅎ');
INSERT INTO REPLY (REPLY_NO, POST_NO, REPLY_MEM, PARENTS_NO, CON) VALUES(SEQ_REPLY_NO.NEXTVAL, 5, 1, NULL, '블로그 포스팅 내용이 재미있네요 ㅎㅎ');
INSERT INTO REPLY (REPLY_NO, POST_NO, REPLY_MEM, PARENTS_NO, CON) VALUES(SEQ_REPLY_NO.NEXTVAL, 5, 2, NULL, '블로그 포스팅 내용이 재미있네요 ㅎㅎ');
INSERT INTO REPLY (REPLY_NO, POST_NO, REPLY_MEM, PARENTS_NO, CON) VALUES(SEQ_REPLY_NO.NEXTVAL, 5, 3, NULL, '블로그 포스팅 내용이 재미있네요 ㅎㅎ');
INSERT INTO REPLY (REPLY_NO, POST_NO, REPLY_MEM, PARENTS_NO, CON) VALUES(SEQ_REPLY_NO.NEXTVAL, 5, 4, NULL, '블로그 포스팅 내용이 재미있네요 ㅎㅎ');
INSERT INTO REPLY (REPLY_NO, POST_NO, REPLY_MEM, PARENTS_NO, CON) VALUES(SEQ_REPLY_NO.NEXTVAL, 5, 5, NULL, '블로그 포스팅 내용이 재미있네요 ㅎㅎ');
INSERT INTO REPLY (REPLY_NO, POST_NO, REPLY_MEM, PARENTS_NO, CON) VALUES(SEQ_REPLY_NO.NEXTVAL, 1, 1, 1, '아닌데요? 전 재미없는데요?');
INSERT INTO REPLY (REPLY_NO, POST_NO, REPLY_MEM, PARENTS_NO, CON) VALUES(SEQ_REPLY_NO.NEXTVAL, 1, 2, 1, '아닌데요? 전 재미없는데요?');
INSERT INTO REPLY (REPLY_NO, POST_NO, REPLY_MEM, PARENTS_NO, CON) VALUES(SEQ_REPLY_NO.NEXTVAL, 1, 3, 1, '아닌데요? 전 재미없는데요?');
INSERT INTO REPLY (REPLY_NO, POST_NO, REPLY_MEM, PARENTS_NO, CON) VALUES(SEQ_REPLY_NO.NEXTVAL, 1, 4, 1, '아닌데요? 전 재미없는데요?');
INSERT INTO REPLY (REPLY_NO, POST_NO, REPLY_MEM, PARENTS_NO, CON) VALUES(SEQ_REPLY_NO.NEXTVAL, 1, 5, 1, '아닌데요? 전 재미없는데요?');
COMMIT;

--BLAME_REASON(신고 사유 목록)
INSERT INTO BLAME_REASON (BLA_LIST, BLA_REASON) VALUES (1, '스팸홍보 / 도배글입니다.');
INSERT INTO BLAME_REASON (BLA_LIST, BLA_REASON) VALUES (2, '음란물입니다.');
INSERT INTO BLAME_REASON (BLA_LIST, BLA_REASON) VALUES (3, '불법 정보를 포함하고 있습니다.');
INSERT INTO BLAME_REASON (BLA_LIST, BLA_REASON) VALUES (4, '청소년에게 유해한 내용입니다.');
INSERT INTO BLAME_REASON (BLA_LIST, BLA_REASON) VALUES (5, '욕설 / 생명경시 / 혐오 / 차별적 표현입니다.');
INSERT INTO BLAME_REASON (BLA_LIST, BLA_REASON) VALUES (6, '개인정보 노출 위험이 있습니다.');
INSERT INTO BLAME_REASON (BLA_LIST, BLA_REASON) VALUES (7, '불쾌한 표현이 있습니다.');
COMMIT;


--REPLY_BLAME(댓글 신고 이력)
INSERT INTO REPLY_BLAME (R_BLA_NO, R_NO, R_BLAMER_NO, R_WRITER_NO, R_BLA_CON, R_BLA_DATE, R_BLA_LIST, R_BLA_DETAIL) VALUES(SEQ_REPLY_BLAME.NEXTVAL, 1, 2, 1, '신고 당한 댓글 내용1', SYSDATE, 1,  '마음에 안 들어요1');
INSERT INTO REPLY_BLAME (R_BLA_NO, R_NO, R_BLAMER_NO, R_WRITER_NO, R_BLA_CON, R_BLA_DATE, R_BLA_LIST,  R_BLA_DETAIL) VALUES(SEQ_REPLY_BLAME.NEXTVAL, 2, 3, 2, '신고 당한 댓글 내용2', SYSDATE, 2,  '마음에 안 들어요2');
INSERT INTO REPLY_BLAME (R_BLA_NO, R_NO, R_BLAMER_NO, R_WRITER_NO, R_BLA_CON, R_BLA_DATE, R_BLA_LIST,  R_BLA_DETAIL) VALUES(SEQ_REPLY_BLAME.NEXTVAL, 3, 4, 3, '신고 당한 댓글 내용3', SYSDATE, 3, '마음에 안 들어요3');
INSERT INTO REPLY_BLAME (R_BLA_NO, R_NO, R_BLAMER_NO, R_WRITER_NO, R_BLA_CON, R_BLA_DATE, R_BLA_LIST,  R_BLA_DETAIL) VALUES(SEQ_REPLY_BLAME.NEXTVAL, 4, 5, 4, '신고 당한 댓글 내용4', SYSDATE, 4,  '마음에 안 들어요4');
INSERT INTO REPLY_BLAME (R_BLA_NO, R_NO, R_BLAMER_NO, R_WRITER_NO, R_BLA_CON, R_BLA_DATE, R_BLA_LIST,  R_BLA_DETAIL) VALUES(SEQ_REPLY_BLAME.NEXTVAL, 5, 6, 5, '신고 당한 댓글 내용5', SYSDATE, 5,  '마음에 안 들어요5');
INSERT INTO REPLY_BLAME (R_BLA_NO, R_NO, R_BLAMER_NO, R_WRITER_NO, R_BLA_CON, R_BLA_DATE, R_BLA_LIST,  R_BLA_DETAIL) VALUES(SEQ_REPLY_BLAME.NEXTVAL, 6, 7, 6, '신고 당한 댓글 내용6', SYSDATE, 6,  '마음에 안 들어요6');
INSERT INTO REPLY_BLAME (R_BLA_NO, R_NO, R_BLAMER_NO, R_WRITER_NO, R_BLA_CON, R_BLA_DATE, R_BLA_LIST,  R_BLA_DETAIL) VALUES(SEQ_REPLY_BLAME.NEXTVAL, 7, 8, 7, '신고 당한 댓글 내용7', SYSDATE, 7,  '마음에 안 들어요7');
INSERT INTO REPLY_BLAME (R_BLA_NO, R_NO, R_BLAMER_NO, R_WRITER_NO, R_BLA_CON, R_BLA_DATE, R_BLA_LIST,  R_BLA_DETAIL) VALUES(SEQ_REPLY_BLAME.NEXTVAL, 8, 9, 8, '신고 당한 댓글 내용8', SYSDATE, 1, '마음에 안 들어요8');
INSERT INTO REPLY_BLAME (R_BLA_NO, R_NO, R_BLAMER_NO, R_WRITER_NO, R_BLA_CON, R_BLA_DATE, R_BLA_LIST,   R_BLA_DETAIL) VALUES(SEQ_REPLY_BLAME.NEXTVAL, 9, 10, 9, '신고 당한 댓글 내용9', SYSDATE, 2, '마음에 안 들어요9');
INSERT INTO REPLY_BLAME (R_BLA_NO, R_NO, R_BLAMER_NO, R_WRITER_NO, R_BLA_CON, R_BLA_DATE, R_BLA_LIST,   R_BLA_DETAIL) VALUES(SEQ_REPLY_BLAME.NEXTVAL, 10, 1, 10, '신고 당한 댓글 내용10', SYSDATE, 3, '마음에 안 들어요10');
COMMIT;


--POST_BLAME(포스트 신고 이력)
INSERT INTO POST_BLAME (P_BLA_NO, P_NO, P_BLAMER_NO, P_WRITER_NO, P_BLA_TIT, P_BLA_LIST, P_BLA_DETAIL)
VALUES (SEQ_POST_BLAME.NEXTVAL, 1,3,1,'신고 당한 포스트 제목1 ', 1, '신고 상세 내용1 ');
INSERT INTO POST_BLAME (P_BLA_NO, P_NO, P_BLAMER_NO, P_WRITER_NO, P_BLA_TIT, P_BLA_LIST, P_BLA_DETAIL)
VALUES (SEQ_POST_BLAME.NEXTVAL, 2,4,2,'신고 당한 포스트 제목2 ', 1, '신고 상세 내용2 ');
INSERT INTO POST_BLAME (P_BLA_NO, P_NO, P_BLAMER_NO, P_WRITER_NO, P_BLA_TIT, P_BLA_LIST, P_BLA_DETAIL)
VALUES (SEQ_POST_BLAME.NEXTVAL, 3,5,3,'신고 당한 포스트 제목3 ', 1, '신고 상세 내용3 ');
INSERT INTO POST_BLAME (P_BLA_NO, P_NO, P_BLAMER_NO, P_WRITER_NO, P_BLA_TIT, P_BLA_LIST, P_BLA_DETAIL)
VALUES (SEQ_POST_BLAME.NEXTVAL, 4,6,4,'신고 당한 포스트 제목4 ', 1, '신고 상세 내용4 ');
INSERT INTO POST_BLAME (P_BLA_NO, P_NO, P_BLAMER_NO, P_WRITER_NO, P_BLA_TIT, P_BLA_LIST, P_BLA_DETAIL)
VALUES (SEQ_POST_BLAME.NEXTVAL, 5,7,5,'신고 당한 포스트 제목5 ', 1, '신고 상세 내용5 ');
INSERT INTO POST_BLAME (P_BLA_NO, P_NO, P_BLAMER_NO, P_WRITER_NO, P_BLA_TIT, P_BLA_LIST, P_BLA_DETAIL)
VALUES (SEQ_POST_BLAME.NEXTVAL, 6,8,6,'신고 당한 포스트 제목6 ', 1, '신고 상세 내용6 ');
INSERT INTO POST_BLAME (P_BLA_NO, P_NO, P_BLAMER_NO, P_WRITER_NO, P_BLA_TIT, P_BLA_LIST, P_BLA_DETAIL)
VALUES (SEQ_POST_BLAME.NEXTVAL, 7,9,7,'신고 당한 포스트 제목7 ', 1, '신고 상세 내용7 ');
INSERT INTO POST_BLAME (P_BLA_NO, P_NO, P_BLAMER_NO, P_WRITER_NO, P_BLA_TIT, P_BLA_LIST, P_BLA_DETAIL)
VALUES (SEQ_POST_BLAME.NEXTVAL, 8,10, 8,'신고 당한 포스트 제목8 ', 1, '신고 상세 내용8 ');
INSERT INTO POST_BLAME (P_BLA_NO, P_NO, P_BLAMER_NO, P_WRITER_NO, P_BLA_TIT, P_BLA_LIST, P_BLA_DETAIL)
VALUES (SEQ_POST_BLAME.NEXTVAL, 9,1,9,'신고 당한 포스트 제목9 ', 1, '신고 상세 내용9 ');
INSERT INTO POST_BLAME (P_BLA_NO, P_NO, P_BLAMER_NO, P_WRITER_NO, P_BLA_TIT, P_BLA_LIST, P_BLA_DETAIL)
VALUES (SEQ_POST_BLAME.NEXTVAL, 10,2,10,'신고 당한 포스트 제목10 ', 1, '신고 상세 내용10 ');
COMMIT;


--POST_SANCTIONS(포스트 신고 제제 이력)
INSERT INTO POST_SANCTIONS (P_SANC_NO, P_BLA_NO, BAN_DAY, SANC_DATE)VALUES (SEQ_POST_SANCTIONS.NEXTVAL, 1, 1, SYSDATE);
INSERT INTO POST_SANCTIONS (P_SANC_NO, P_BLA_NO, BAN_DAY, SANC_DATE)VALUES (SEQ_POST_SANCTIONS.NEXTVAL, 2, 1, SYSDATE);
INSERT INTO POST_SANCTIONS (P_SANC_NO, P_BLA_NO, BAN_DAY, SANC_DATE)VALUES (SEQ_POST_SANCTIONS.NEXTVAL, 3, 1, SYSDATE);
INSERT INTO POST_SANCTIONS (P_SANC_NO, P_BLA_NO, BAN_DAY, SANC_DATE)VALUES (SEQ_POST_SANCTIONS.NEXTVAL, 4, 3, SYSDATE);
INSERT INTO POST_SANCTIONS (P_SANC_NO, P_BLA_NO, BAN_DAY, SANC_DATE)VALUES (SEQ_POST_SANCTIONS.NEXTVAL, 5, 3, SYSDATE);
INSERT INTO POST_SANCTIONS (P_SANC_NO, P_BLA_NO, BAN_DAY, SANC_DATE)VALUES (SEQ_POST_SANCTIONS.NEXTVAL, 6, 3, SYSDATE);
INSERT INTO POST_SANCTIONS (P_SANC_NO, P_BLA_NO, BAN_DAY, SANC_DATE)VALUES (SEQ_POST_SANCTIONS.NEXTVAL, 7, 7, SYSDATE);
INSERT INTO POST_SANCTIONS (P_SANC_NO, P_BLA_NO, BAN_DAY, SANC_DATE)VALUES (SEQ_POST_SANCTIONS.NEXTVAL, 8, 7, SYSDATE);
INSERT INTO POST_SANCTIONS (P_SANC_NO, P_BLA_NO, BAN_DAY, SANC_DATE)VALUES (SEQ_POST_SANCTIONS.NEXTVAL, 9, 7, SYSDATE);
INSERT INTO POST_SANCTIONS (P_SANC_NO, P_BLA_NO, BAN_DAY, SANC_DATE)VALUES (SEQ_POST_SANCTIONS.NEXTVAL, 10, 30, SYSDATE);
INSERT INTO POST_SANCTIONS (P_SANC_NO, P_BLA_NO, BAN_DAY, SANC_DATE)VALUES (SEQ_POST_SANCTIONS.NEXTVAL, 1, 30, SYSDATE);
INSERT INTO POST_SANCTIONS (P_SANC_NO, P_BLA_NO, BAN_DAY, SANC_DATE)VALUES (SEQ_POST_SANCTIONS.NEXTVAL, 1, 30, SYSDATE);
INSERT INTO POST_SANCTIONS (P_SANC_NO, P_BLA_NO, BAN_DAY, SANC_DATE)VALUES (SEQ_POST_SANCTIONS.NEXTVAL, 1, 30, SYSDATE);
COMMIT;

--REPLY_SANC(댓글 신고 제재 이력)
INSERT INTO REPLY_SANCTIONS (R_SANC_NO, R_BLA_NO, BAN_DAY, SANC_DATE)VALUES (SEQ_REPLY_SANCTIONS.NEXTVAL, 1, 1,SYSDATE);
INSERT INTO REPLY_SANCTIONS (R_SANC_NO, R_BLA_NO, BAN_DAY, SANC_DATE) VALUES (SEQ_REPLY_SANCTIONS.NEXTVAL, 2, 1,SYSDATE);
INSERT INTO REPLY_SANCTIONS (R_SANC_NO, R_BLA_NO, BAN_DAY, SANC_DATE) VALUES (SEQ_REPLY_SANCTIONS.NEXTVAL, 3, 1,SYSDATE);
INSERT INTO REPLY_SANCTIONS (R_SANC_NO, R_BLA_NO, BAN_DAY, SANC_DATE) VALUES (SEQ_REPLY_SANCTIONS.NEXTVAL, 4, 3,SYSDATE);
INSERT INTO REPLY_SANCTIONS (R_SANC_NO, R_BLA_NO, BAN_DAY, SANC_DATE) VALUES (SEQ_REPLY_SANCTIONS.NEXTVAL, 5, 3,SYSDATE);
INSERT INTO REPLY_SANCTIONS (R_SANC_NO, R_BLA_NO, BAN_DAY, SANC_DATE) VALUES (SEQ_REPLY_SANCTIONS.NEXTVAL, 6, 3,SYSDATE);
INSERT INTO REPLY_SANCTIONS (R_SANC_NO, R_BLA_NO, BAN_DAY, SANC_DATE) VALUES (SEQ_REPLY_SANCTIONS.NEXTVAL, 7, 7,SYSDATE);
INSERT INTO REPLY_SANCTIONS (R_SANC_NO, R_BLA_NO, BAN_DAY, SANC_DATE) VALUES (SEQ_REPLY_SANCTIONS.NEXTVAL, 8, 7,SYSDATE);
INSERT INTO REPLY_SANCTIONS (R_SANC_NO, R_BLA_NO, BAN_DAY, SANC_DATE) VALUES (SEQ_REPLY_SANCTIONS.NEXTVAL, 9, 7,SYSDATE);
INSERT INTO REPLY_SANCTIONS (R_SANC_NO, R_BLA_NO, BAN_DAY, SANC_DATE) VALUES (SEQ_REPLY_SANCTIONS.NEXTVAL, 10, 30,SYSDATE);
INSERT INTO REPLY_SANCTIONS (R_SANC_NO, R_BLA_NO, BAN_DAY, SANC_DATE) VALUES (SEQ_REPLY_SANCTIONS.NEXTVAL, 1, 30,SYSDATE);
INSERT INTO REPLY_SANCTIONS (R_SANC_NO, R_BLA_NO, BAN_DAY, SANC_DATE) VALUES (SEQ_REPLY_SANCTIONS.NEXTVAL, 2, 30,SYSDATE);
INSERT INTO REPLY_SANCTIONS (R_SANC_NO, R_BLA_NO, BAN_DAY, SANC_DATE) VALUES (SEQ_REPLY_SANCTIONS.NEXTVAL, 3, 30,SYSDATE);
COMMIT;