--MEMBER(회원)
INSERT INTO MEMBER (MEM_NO,MEM_NAME,MEM_ID,MEM_PWD,MEM_NICK,MEM_PHONE_NUM,MEM_EMAIL)
VALUES (SEQ_MEMBER.NEXTVAL, '박범렬','qjafuf1', '1111','범렬','01064503621','qjafuf@naver.com');
INSERT INTO MEMBER (MEM_NO,MEM_NAME,MEM_ID,MEM_PWD,MEM_NICK,MEM_PHONE_NUM,MEM_EMAIL)
VALUES (SEQ_MEMBER.NEXTVAL, '이예지','dpwl2', '2222','예지','01023231621','dpwl@naver.com');
INSERT INTO MEMBER (MEM_NO,MEM_NAME,MEM_ID,MEM_PWD,MEM_NICK,MEM_PHONE_NUM,MEM_EMAIL)
VALUES (SEQ_MEMBER.NEXTVAL, '현지연','wldus3', '3333','지연','01023123151','wldus@naver.com');
INSERT INTO MEMBER (MEM_NO,MEM_NAME,MEM_ID,MEM_PWD,MEM_NICK,MEM_PHONE_NUM,MEM_EMAIL)
VALUES (SEQ_MEMBER.NEXTVAL, '김광희','rhkdgml4', '4444','광희','01023412231','rhkdgml@naver.com');
INSERT INTO MEMBER (MEM_NO,MEM_NAME,MEM_ID,MEM_PWD,MEM_NICK,MEM_PHONE_NUM,MEM_EMAIL)
VALUES (SEQ_MEMBER.NEXTVAL, '전옥진','dhrwls5', '5555','옥진','01068646721','dhrwls@naver.com');
INSERT INTO MEMBER (MEM_NO,MEM_NAME,MEM_ID,MEM_PWD,MEM_NICK,MEM_PHONE_NUM,MEM_EMAIL)
VALUES (SEQ_MEMBER.NEXTVAL, '양덕기','ejrrl6', '6666','덕기','01025616123','ejrrl@naver.com');
INSERT INTO MEMBER (MEM_NO,MEM_NAME,MEM_ID,MEM_PWD,MEM_NICK,MEM_PHONE_NUM,MEM_EMAIL)
VALUES (SEQ_MEMBER.NEXTVAL, '장지엽','wlduq7', '7777','지엽','01012685433','wlduq@naver.com');
INSERT INTO MEMBER (MEM_NO,MEM_NAME,MEM_ID,MEM_PWD,MEM_NICK,MEM_PHONE_NUM,MEM_EMAIL)
VALUES (SEQ_MEMBER.NEXTVAL, '최지우','wldn8', '8888','지우','01017847456','wldn@naver.com');
INSERT INTO MEMBER (MEM_NO,MEM_NAME,MEM_ID,MEM_PWD,MEM_NICK,MEM_PHONE_NUM,MEM_EMAIL)
VALUES (SEQ_MEMBER.NEXTVAL, '성병주','qudwn9', '9999','병주','01016746556','qudwn@naver.com');
INSERT INTO MEMBER (MEM_NO,MEM_NAME,MEM_ID,MEM_PWD,MEM_NICK,MEM_PHONE_NUM,MEM_EMAIL)
VALUES (SEQ_MEMBER.NEXTVAL, '김지섭','wltjq10', '1010','지섭','01064856845','wltjq@naver.com');
INSERT INTO MEMBER (MEM_NO,MEM_NAME,MEM_ID,MEM_PWD,MEM_NICK,MEM_PHONE_NUM,MEM_EMAIL)
VALUES (SEQ_MEMBER.NEXTVAL, '김유저','user0', '0000','유저','01064487612','user@naver.com');
COMMIT;

--FOLLOW(구독)
INSERT INTO FOLLOW (MEM_NO,BLOG_NO)VALUES (1,2);
INSERT INTO FOLLOW (MEM_NO,BLOG_NO)VALUES (2,4);
INSERT INTO FOLLOW (MEM_NO,BLOG_NO)VALUES (6,7);
INSERT INTO FOLLOW (MEM_NO,BLOG_NO)VALUES (8,1);
INSERT INTO FOLLOW (MEM_NO,BLOG_NO)VALUES (2,5);
INSERT INTO FOLLOW (MEM_NO,BLOG_NO)VALUES (10,2);
INSERT INTO FOLLOW (MEM_NO,BLOG_NO)VALUES (3,6);
INSERT INTO FOLLOW (MEM_NO,BLOG_NO)VALUES (6,3);
INSERT INTO FOLLOW (MEM_NO,BLOG_NO)VALUES (7,2);
INSERT INTO FOLLOW (MEM_NO,BLOG_NO)VALUES (5,10);
COMMIT;


--ADMIN (관리자)
INSERT INTO ADMIN(ADMIN_NO,ADMIN_ID,ADMIN_PWD,ADMIN_NAME) VALUES (SEQ_ADMIN.NEXTVAL,'ADMIN','1234','초기관리자');
INSERT INTO ADMIN(ADMIN_NO,ADMIN_ID,ADMIN_PWD,ADMIN_NAME) VALUES (SEQ_ADMIN.NEXTVAL,'ADMIN01','1234','관리자01');
INSERT INTO ADMIN(ADMIN_NO,ADMIN_ID,ADMIN_PWD,ADMIN_NAME) VALUES (SEQ_ADMIN.NEXTVAL,'ADMIN02','1234','관리자02');
INSERT INTO ADMIN(ADMIN_NO,ADMIN_ID,ADMIN_PWD,ADMIN_NAME) VALUES (SEQ_ADMIN.NEXTVAL,'ADMIN03','1234','관리자03');
INSERT INTO ADMIN(ADMIN_NO,ADMIN_ID,ADMIN_PWD,ADMIN_NAME) VALUES (SEQ_ADMIN.NEXTVAL,'ADMIN04','1234','관리자04');
INSERT INTO ADMIN(ADMIN_NO,ADMIN_ID,ADMIN_PWD,ADMIN_NAME) VALUES (SEQ_ADMIN.NEXTVAL,'ADMIN05','1234','관리자05');
INSERT INTO ADMIN(ADMIN_NO,ADMIN_ID,ADMIN_PWD,ADMIN_NAME) VALUES (SEQ_ADMIN.NEXTVAL,'ADMIN06','1234','관리자06');
INSERT INTO ADMIN(ADMIN_NO,ADMIN_ID,ADMIN_PWD,ADMIN_NAME) VALUES (SEQ_ADMIN.NEXTVAL,'ADMIN07','1234','관리자07');
INSERT INTO ADMIN(ADMIN_NO,ADMIN_ID,ADMIN_PWD,ADMIN_NAME) VALUES (SEQ_ADMIN.NEXTVAL,'ADMIN08','1234','관리자08');
INSERT INTO ADMIN(ADMIN_NO,ADMIN_ID,ADMIN_PWD,ADMIN_NAME) VALUES (SEQ_ADMIN.NEXTVAL,'ADMIN09','1234','관리자09');
INSERT INTO ADMIN(ADMIN_NO,ADMIN_ID,ADMIN_PWD,ADMIN_NAME) VALUES (SEQ_ADMIN.NEXTVAL,'ADMIN10','1234','관리자10');
commit;

--NOTICE (공지사항)
INSERT INTO NOTICE(NOTICE_NO,ADMIN_NO,TITLE,CONTENT) VALUES (SEQ_NOTICE.NEXTVAL,'6','공지사항 기타 테스트 입니다.','기타 테스트입니다.');
INSERT INTO NOTICE(NOTICE_NO,ADMIN_NO,TITLE,CONTENT) VALUES (SEQ_NOTICE.NEXTVAL,'6','공지사항 기타 테스트 입니다.','기타 테스트입니다.');
INSERT INTO NOTICE(NOTICE_NO,ADMIN_NO,TITLE,CONTENT) VALUES (SEQ_NOTICE.NEXTVAL,'6','공지사항 기타 테스트 입니다.','기타 테스트입니다.');
INSERT INTO NOTICE(NOTICE_NO,ADMIN_NO,TITLE,CONTENT,FIXED_YN) VALUES (SEQ_NOTICE.NEXTVAL,'6','공지사항 고정 테스트 입니다.','고정 테스트입니다.','Y');
INSERT INTO NOTICE(NOTICE_NO,ADMIN_NO,TITLE,CONTENT,FIXED_YN) VALUES (SEQ_NOTICE.NEXTVAL,'1','공지사항 고정 테스트 입니다.','고정 테스트입니다.','Y');
INSERT INTO NOTICE(NOTICE_NO,ADMIN_NO,TITLE,CONTENT) VALUES (SEQ_NOTICE.NEXTVAL,'6','공지사항 기타 테스트 입니다.','기타 테스트입니다.');
INSERT INTO NOTICE(NOTICE_NO,ADMIN_NO,TITLE,CONTENT) VALUES (SEQ_NOTICE.NEXTVAL,'6','공지사항 기타 테스트 입니다.','기타 테스트입니다.');
INSERT INTO NOTICE(NOTICE_NO,ADMIN_NO,TITLE,CONTENT,DEL_YN) VALUES (SEQ_NOTICE.NEXTVAL,'6','공지사항 비공개 테스트 입니다.','비공개 테스트입니다.','N');
INSERT INTO NOTICE(NOTICE_NO,ADMIN_NO,TITLE,CONTENT,FIXED_YN,DEL_YN) VALUES (SEQ_NOTICE.NEXTVAL,'6','공지사항 비공개 테스트 입니다.','비공개 테스트입니다.','Y','N');
INSERT INTO NOTICE(NOTICE_NO,ADMIN_NO,TITLE,CONTENT,FIXED_YN,DEL_YN) VALUES (SEQ_NOTICE.NEXTVAL,'6','공지사항 비공개 테스트 입니다.','비공개 테스트입니다.','N','N');
INSERT INTO NOTICE(NOTICE_NO,ADMIN_NO,TITLE,CONTENT,FIXED_YN) VALUES (SEQ_NOTICE.NEXTVAL,'6','공지사항 고정 테스트 입니다.','고정 테스트입니다.','Y');
INSERT INTO NOTICE(NOTICE_NO,ADMIN_NO,TITLE,CONTENT) VALUES (SEQ_NOTICE.NEXTVAL,'6','공지사항 기타 테스트 입니다.','기타 테스트입니다.');
INSERT INTO NOTICE(NOTICE_NO,ADMIN_NO,TITLE,CONTENT) VALUES (SEQ_NOTICE.NEXTVAL,'6','공지사항 기타 테스트 입니다.','기타 테스트입니다.');
INSERT INTO NOTICE(NOTICE_NO,ADMIN_NO,TITLE,CONTENT) VALUES (SEQ_NOTICE.NEXTVAL,'6','공지사항 기타 테스트 입니다.','기타 테스트입니다.');
INSERT INTO NOTICE(NOTICE_NO,ADMIN_NO,TITLE,CONTENT,FIXED_YN) VALUES (SEQ_NOTICE.NEXTVAL,'6','공지사항 고정 테스트 입니다.','고정 테스트입니다.','Y');
INSERT INTO NOTICE(NOTICE_NO,ADMIN_NO,TITLE,CONTENT,FIXED_YN) VALUES (SEQ_NOTICE.NEXTVAL,'1','공지사항 고정 테스트 입니다.','고정 테스트입니다.','Y');
INSERT INTO NOTICE(NOTICE_NO,ADMIN_NO,TITLE,CONTENT) VALUES (SEQ_NOTICE.NEXTVAL,'6','공지사항 기타 테스트 입니다.','기타 테스트입니다.');
INSERT INTO NOTICE(NOTICE_NO,ADMIN_NO,TITLE,CONTENT) VALUES (SEQ_NOTICE.NEXTVAL,'6','공지사항 기타 테스트 입니다.','기타 테스트입니다.');
INSERT INTO NOTICE(NOTICE_NO,ADMIN_NO,TITLE,CONTENT,DEL_YN) VALUES (SEQ_NOTICE.NEXTVAL,'6','공지사항 비공개 테스트 입니다.','비공개 테스트입니다.','N');
INSERT INTO NOTICE(NOTICE_NO,ADMIN_NO,TITLE,CONTENT,FIXED_YN,DEL_YN) VALUES (SEQ_NOTICE.NEXTVAL,'6','공지사항 비공개 테스트 입니다.','비공개 테스트입니다.','Y','N');
INSERT INTO NOTICE(NOTICE_NO,ADMIN_NO,TITLE,CONTENT,FIXED_YN,DEL_YN) VALUES (SEQ_NOTICE.NEXTVAL,'6','공지사항 비공개 테스트 입니다.','비공개 테스트입니다.','N','N');
INSERT INTO NOTICE(NOTICE_NO,ADMIN_NO,TITLE,CONTENT,FIXED_YN) VALUES (SEQ_NOTICE.NEXTVAL,'6','공지사항 고정 테스트 입니다.','고정 테스트입니다.','Y');
INSERT INTO NOTICE(NOTICE_NO,ADMIN_NO,TITLE,CONTENT) VALUES (SEQ_NOTICE.NEXTVAL,'6','공지사항 기타 테스트 입니다.','기타 테스트입니다.');
INSERT INTO NOTICE(NOTICE_NO,ADMIN_NO,TITLE,CONTENT) VALUES (SEQ_NOTICE.NEXTVAL,'6','공지사항 기타 테스트 입니다.','기타 테스트입니다.');
INSERT INTO NOTICE(NOTICE_NO,ADMIN_NO,TITLE,CONTENT) VALUES (SEQ_NOTICE.NEXTVAL,'6','공지사항 기타 테스트 입니다.','기타 테스트입니다.');
INSERT INTO NOTICE(NOTICE_NO,ADMIN_NO,TITLE,CONTENT,FIXED_YN) VALUES (SEQ_NOTICE.NEXTVAL,'6','공지사항 고정 테스트 입니다.','고정 테스트입니다.','Y');
INSERT INTO NOTICE(NOTICE_NO,ADMIN_NO,TITLE,CONTENT,FIXED_YN) VALUES (SEQ_NOTICE.NEXTVAL,'1','공지사항 고정 테스트 입니다.','고정 테스트입니다.','Y');
INSERT INTO NOTICE(NOTICE_NO,ADMIN_NO,TITLE,CONTENT) VALUES (SEQ_NOTICE.NEXTVAL,'6','공지사항 기타 테스트 입니다.','기타 테스트입니다.');
INSERT INTO NOTICE(NOTICE_NO,ADMIN_NO,TITLE,CONTENT) VALUES (SEQ_NOTICE.NEXTVAL,'6','공지사항 기타 테스트 입니다.','기타 테스트입니다.');
INSERT INTO NOTICE(NOTICE_NO,ADMIN_NO,TITLE,CONTENT,DEL_YN) VALUES (SEQ_NOTICE.NEXTVAL,'6','공지사항 비공개 테스트 입니다.','비공개 테스트입니다.','N');
INSERT INTO NOTICE(NOTICE_NO,ADMIN_NO,TITLE,CONTENT,FIXED_YN,DEL_YN) VALUES (SEQ_NOTICE.NEXTVAL,'6','공지사항 비공개 테스트 입니다.','비공개 테스트입니다.','Y','N');
INSERT INTO NOTICE(NOTICE_NO,ADMIN_NO,TITLE,CONTENT,FIXED_YN,DEL_YN) VALUES (SEQ_NOTICE.NEXTVAL,'6','공지사항 비공개 테스트 입니다.','비공개 테스트입니다.','N','N');
INSERT INTO NOTICE(NOTICE_NO,ADMIN_NO,TITLE,CONTENT,FIXED_YN) VALUES (SEQ_NOTICE.NEXTVAL,'6','공지사항 고정 테스트 입니다.','고정 테스트입니다.','Y');
INSERT INTO NOTICE(NOTICE_NO,ADMIN_NO,TITLE,CONTENT) VALUES (SEQ_NOTICE.NEXTVAL,'6','공지사항 기타 테스트 입니다.','기타 테스트입니다.');
INSERT INTO NOTICE(NOTICE_NO,ADMIN_NO,TITLE,CONTENT) VALUES (SEQ_NOTICE.NEXTVAL,'6','공지사항 기타 테스트 입니다.','기타 테스트입니다.');
INSERT INTO NOTICE(NOTICE_NO,ADMIN_NO,TITLE,CONTENT) VALUES (SEQ_NOTICE.NEXTVAL,'6','공지사항 기타 테스트 입니다.','기타 테스트입니다.');
INSERT INTO NOTICE(NOTICE_NO,ADMIN_NO,TITLE,CONTENT,FIXED_YN) VALUES (SEQ_NOTICE.NEXTVAL,'6','공지사항 고정 테스트 입니다.','고정 테스트입니다.','Y');
INSERT INTO NOTICE(NOTICE_NO,ADMIN_NO,TITLE,CONTENT,FIXED_YN) VALUES (SEQ_NOTICE.NEXTVAL,'1','공지사항 고정 테스트 입니다.','고정 테스트입니다.','Y');
INSERT INTO NOTICE(NOTICE_NO,ADMIN_NO,TITLE,CONTENT) VALUES (SEQ_NOTICE.NEXTVAL,'6','공지사항 기타 테스트 입니다.','기타 테스트입니다.');
INSERT INTO NOTICE(NOTICE_NO,ADMIN_NO,TITLE,CONTENT) VALUES (SEQ_NOTICE.NEXTVAL,'6','공지사항 기타 테스트 입니다.','기타 테스트입니다.');
INSERT INTO NOTICE(NOTICE_NO,ADMIN_NO,TITLE,CONTENT,DEL_YN) VALUES (SEQ_NOTICE.NEXTVAL,'6','공지사항 비공개 테스트 입니다.','비공개 테스트입니다.','N');
INSERT INTO NOTICE(NOTICE_NO,ADMIN_NO,TITLE,CONTENT,FIXED_YN,DEL_YN) VALUES (SEQ_NOTICE.NEXTVAL,'6','공지사항 비공개 테스트 입니다.','비공개 테스트입니다.','Y','N');
INSERT INTO NOTICE(NOTICE_NO,ADMIN_NO,TITLE,CONTENT,FIXED_YN,DEL_YN) VALUES (SEQ_NOTICE.NEXTVAL,'6','공지사항 비공개 테스트 입니다.','비공개 테스트입니다.','N','N');
INSERT INTO NOTICE(NOTICE_NO,ADMIN_NO,TITLE,CONTENT,FIXED_YN) VALUES (SEQ_NOTICE.NEXTVAL,'6','공지사항 고정 테스트 입니다.','고정 테스트입니다.','Y');
INSERT INTO NOTICE(NOTICE_NO,ADMIN_NO,TITLE,CONTENT) VALUES (SEQ_NOTICE.NEXTVAL,'6','공지사항 기타 테스트 입니다.','기타 테스트입니다.');
INSERT INTO NOTICE(NOTICE_NO,ADMIN_NO,TITLE,CONTENT) VALUES (SEQ_NOTICE.NEXTVAL,'6','공지사항 기타 테스트 입니다.','기타 테스트입니다.');
INSERT INTO NOTICE(NOTICE_NO,ADMIN_NO,TITLE,CONTENT) VALUES (SEQ_NOTICE.NEXTVAL,'6','공지사항 기타 테스트 입니다.','기타 테스트입니다.');
INSERT INTO NOTICE(NOTICE_NO,ADMIN_NO,TITLE,CONTENT,FIXED_YN) VALUES (SEQ_NOTICE.NEXTVAL,'6','공지사항 고정 테스트 입니다.','고정 테스트입니다.','Y');
INSERT INTO NOTICE(NOTICE_NO,ADMIN_NO,TITLE,CONTENT,FIXED_YN) VALUES (SEQ_NOTICE.NEXTVAL,'1','공지사항 고정 테스트 입니다.','고정 테스트입니다.','Y');
INSERT INTO NOTICE(NOTICE_NO,ADMIN_NO,TITLE,CONTENT) VALUES (SEQ_NOTICE.NEXTVAL,'6','공지사항 기타 테스트 입니다.','기타 테스트입니다.');
INSERT INTO NOTICE(NOTICE_NO,ADMIN_NO,TITLE,CONTENT) VALUES (SEQ_NOTICE.NEXTVAL,'6','공지사항 기타 테스트 입니다.','기타 테스트입니다.');
INSERT INTO NOTICE(NOTICE_NO,ADMIN_NO,TITLE,CONTENT,DEL_YN) VALUES (SEQ_NOTICE.NEXTVAL,'6','공지사항 비공개 테스트 입니다.','비공개 테스트입니다.','N');
INSERT INTO NOTICE(NOTICE_NO,ADMIN_NO,TITLE,CONTENT,FIXED_YN,DEL_YN) VALUES (SEQ_NOTICE.NEXTVAL,'6','공지사항 비공개 테스트 입니다.','비공개 테스트입니다.','Y','N');
INSERT INTO NOTICE(NOTICE_NO,ADMIN_NO,TITLE,CONTENT,FIXED_YN,DEL_YN) VALUES (SEQ_NOTICE.NEXTVAL,'6','공지사항 비공개 테스트 입니다.','비공개 테스트입니다.','N','N');
INSERT INTO NOTICE(NOTICE_NO,ADMIN_NO,TITLE,CONTENT,FIXED_YN) VALUES (SEQ_NOTICE.NEXTVAL,'6','공지사항 고정 테스트 입니다.','고정 테스트입니다.','Y');
INSERT INTO NOTICE(NOTICE_NO,ADMIN_NO,TITLE,CONTENT) VALUES (SEQ_NOTICE.NEXTVAL,'6','공지사항 기타 테스트 입니다.','기타 테스트입니다.');
INSERT INTO NOTICE(NOTICE_NO,ADMIN_NO,TITLE,CONTENT) VALUES (SEQ_NOTICE.NEXTVAL,'6','공지사항 기타 테스트 입니다.','기타 테스트입니다.');
INSERT INTO NOTICE(NOTICE_NO,ADMIN_NO,TITLE,CONTENT) VALUES (SEQ_NOTICE.NEXTVAL,'6','공지사항 기타 테스트 입니다.','기타 테스트입니다.');
INSERT INTO NOTICE(NOTICE_NO,ADMIN_NO,TITLE,CONTENT,FIXED_YN) VALUES (SEQ_NOTICE.NEXTVAL,'6','공지사항 고정 테스트 입니다.','고정 테스트입니다.','Y');
INSERT INTO NOTICE(NOTICE_NO,ADMIN_NO,TITLE,CONTENT,FIXED_YN) VALUES (SEQ_NOTICE.NEXTVAL,'1','공지사항 고정 테스트 입니다.','고정 테스트입니다.','Y');
INSERT INTO NOTICE(NOTICE_NO,ADMIN_NO,TITLE,CONTENT) VALUES (SEQ_NOTICE.NEXTVAL,'6','공지사항 기타 테스트 입니다.','기타 테스트입니다.');
INSERT INTO NOTICE(NOTICE_NO,ADMIN_NO,TITLE,CONTENT) VALUES (SEQ_NOTICE.NEXTVAL,'6','공지사항 기타 테스트 입니다.','기타 테스트입니다.');
INSERT INTO NOTICE(NOTICE_NO,ADMIN_NO,TITLE,CONTENT,DEL_YN) VALUES (SEQ_NOTICE.NEXTVAL,'6','공지사항 비공개 테스트 입니다.','비공개 테스트입니다.','N');
INSERT INTO NOTICE(NOTICE_NO,ADMIN_NO,TITLE,CONTENT,FIXED_YN,DEL_YN) VALUES (SEQ_NOTICE.NEXTVAL,'6','공지사항 비공개 테스트 입니다.','비공개 테스트입니다.','Y','N');
INSERT INTO NOTICE(NOTICE_NO,ADMIN_NO,TITLE,CONTENT,FIXED_YN,DEL_YN) VALUES (SEQ_NOTICE.NEXTVAL,'6','공지사항 비공개 테스트 입니다.','비공개 테스트입니다.','N','N');
INSERT INTO NOTICE(NOTICE_NO,ADMIN_NO,TITLE,CONTENT,FIXED_YN) VALUES (SEQ_NOTICE.NEXTVAL,'6','공지사항 고정 테스트 입니다.','고정 테스트입니다.','Y');
commit;

-- CUSTOMER_CENTER (고객센터)
INSERT INTO CUSTOMER_CENTER(Q_NO,MEM_NO,Q_TIT,Q_CON,QUESTION_CATEGORY) VALUES 
(SEQ_CUSTOMER_CENTER.NEXTVAL,'1','1:1문의 테스트 입니다.','TEST_TEST_TEST_TEST_TEST_TEST_TEST_TEST_TEST_TEST_TEST_TEST_TEST_TEST_TEST','SM');
INSERT INTO CUSTOMER_CENTER(Q_NO,MEM_NO,Q_TIT,Q_CON,QUESTION_CATEGORY) VALUES 
(SEQ_CUSTOMER_CENTER.NEXTVAL,'2','1:1문의 테스트 입니다.','TEST_TEST_TEST_TEST_TEST_TEST_TEST_TEST_TEST_TEST_TEST_TEST_TEST_TEST_TEST','PM');
INSERT INTO CUSTOMER_CENTER(Q_NO,MEM_NO,Q_TIT,Q_CON,QUESTION_CATEGORY) VALUES 
(SEQ_CUSTOMER_CENTER.NEXTVAL,'3','1:1문의 테스트 입니다.','TEST_TEST_TEST_TEST_TEST_TEST_TEST_TEST_TEST_TEST_TEST_TEST_TEST_TEST_TEST','NM');
INSERT INTO CUSTOMER_CENTER(Q_NO,MEM_NO,Q_TIT,Q_CON,QUESTION_CATEGORY) VALUES 
(SEQ_CUSTOMER_CENTER.NEXTVAL,'4','1:1문의 테스트 입니다.','TEST_TEST_TEST_TEST_TEST_TEST_TEST_TEST_TEST_TEST_TEST_TEST_TEST_TEST_TEST','PM');
INSERT INTO CUSTOMER_CENTER(Q_NO,MEM_NO,Q_TIT,Q_CON,QUESTION_CATEGORY) VALUES 
(SEQ_CUSTOMER_CENTER.NEXTVAL,'1','1:1문의 테스트 입니다.','TEST_TEST_TEST_TEST_TEST_TEST_TEST_TEST_TEST_TEST_TEST_TEST_TEST_TEST_TEST','NM');
INSERT INTO CUSTOMER_CENTER(Q_NO,MEM_NO,Q_TIT,Q_CON,Q_WRITE_DATE,QUESTION_CATEGORY,ANSEWR,ANSEWR_DATE,UPDATE_DATE,DEL_YN) VALUES 
(SEQ_CUSTOMER_CENTER.NEXTVAL,'1','1:1문의 테스트 입니다.','TEST_TEST_TEST_TEST_TEST_TEST_TEST_TEST_TEST_TEST_TEST_TEST_TEST_TEST_TEST',SYSDATE-10,'NM','문의 답변입니다.',SYSDATE-8,SYSDATE-5,'N');
INSERT INTO CUSTOMER_CENTER(Q_NO,MEM_NO,Q_TIT,Q_CON,QUESTION_CATEGORY) VALUES 
(SEQ_CUSTOMER_CENTER.NEXTVAL,'2','1:1문의 테스트 입니다.','TEST_TEST_TEST_TEST_TEST_TEST_TEST_TEST_TEST_TEST_TEST_TEST_TEST_TEST_TEST','SM');
INSERT INTO CUSTOMER_CENTER(Q_NO,MEM_NO,Q_TIT,Q_CON,QUESTION_CATEGORY) VALUES 
(SEQ_CUSTOMER_CENTER.NEXTVAL,'3','1:1문의 테스트 입니다.','TEST_TEST_TEST_TEST_TEST_TEST_TEST_TEST_TEST_TEST_TEST_TEST_TEST_TEST_TEST','SM');
INSERT INTO CUSTOMER_CENTER(Q_NO,MEM_NO,Q_TIT,Q_CON,QUESTION_CATEGORY) VALUES 
(SEQ_CUSTOMER_CENTER.NEXTVAL,'2','1:1문의 테스트 입니다.','TEST_TEST_TEST_TEST_TEST_TEST_TEST_TEST_TEST_TEST_TEST_TEST_TEST_TEST_TEST','NM');
INSERT INTO CUSTOMER_CENTER(Q_NO,MEM_NO,Q_TIT,Q_CON,QUESTION_CATEGORY) VALUES 
(SEQ_CUSTOMER_CENTER.NEXTVAL,'1','1:1문의 테스트 입니다.','TEST_TEST_TEST_TEST_TEST_TEST_TEST_TEST_TEST_TEST_TEST_TEST_TEST_TEST_TEST','PM');
INSERT INTO CUSTOMER_CENTER(Q_NO,MEM_NO,Q_TIT,Q_CON,QUESTION_CATEGORY) VALUES
(SEQ_CUSTOMER_CENTER.NEXTVAL,'1','1:1문의 테스트 입니다.','TEST_TEST_TEST_TEST_TEST_TEST_TEST_TEST_TEST_TEST_TEST_TEST_TEST_TEST_TEST','PM');
INSERT INTO CUSTOMER_CENTER(Q_NO,MEM_NO,Q_TIT,Q_CON,QUESTION_CATEGORY) VALUES 
(SEQ_CUSTOMER_CENTER.NEXTVAL,'1','1:1문의 테스트 입니다.','TEST_TEST_TEST_TEST_TEST_TEST_TEST_TEST_TEST_TEST_TEST_TEST_TEST_TEST_TEST','SM');
INSERT INTO CUSTOMER_CENTER(Q_NO,MEM_NO,Q_TIT,Q_CON,QUESTION_CATEGORY) VALUES 
(SEQ_CUSTOMER_CENTER.NEXTVAL,'2','1:1문의 테스트 입니다.','TEST_TEST_TEST_TEST_TEST_TEST_TEST_TEST_TEST_TEST_TEST_TEST_TEST_TEST_TEST','PM');
INSERT INTO CUSTOMER_CENTER(Q_NO,MEM_NO,Q_TIT,Q_CON,QUESTION_CATEGORY) VALUES 
(SEQ_CUSTOMER_CENTER.NEXTVAL,'3','1:1문의 테스트 입니다.','TEST_TEST_TEST_TEST_TEST_TEST_TEST_TEST_TEST_TEST_TEST_TEST_TEST_TEST_TEST','NM');
INSERT INTO CUSTOMER_CENTER(Q_NO,MEM_NO,Q_TIT,Q_CON,QUESTION_CATEGORY) VALUES 
(SEQ_CUSTOMER_CENTER.NEXTVAL,'4','1:1문의 테스트 입니다.','TEST_TEST_TEST_TEST_TEST_TEST_TEST_TEST_TEST_TEST_TEST_TEST_TEST_TEST_TEST','PM');
INSERT INTO CUSTOMER_CENTER(Q_NO,MEM_NO,Q_TIT,Q_CON,QUESTION_CATEGORY) VALUES 
(SEQ_CUSTOMER_CENTER.NEXTVAL,'1','1:1문의 테스트 입니다.','TEST_TEST_TEST_TEST_TEST_TEST_TEST_TEST_TEST_TEST_TEST_TEST_TEST_TEST_TEST','NM');
INSERT INTO CUSTOMER_CENTER(Q_NO,MEM_NO,Q_TIT,Q_CON,QUESTION_CATEGORY) VALUES 
(SEQ_CUSTOMER_CENTER.NEXTVAL,'1','1:1문의 테스트 입니다.','TEST_TEST_TEST_TEST_TEST_TEST_TEST_TEST_TEST_TEST_TEST_TEST_TEST_TEST_TEST','NM');
INSERT INTO CUSTOMER_CENTER(Q_NO,MEM_NO,Q_TIT,Q_CON,QUESTION_CATEGORY) VALUES 
(SEQ_CUSTOMER_CENTER.NEXTVAL,'2','1:1문의 테스트 입니다.','TEST_TEST_TEST_TEST_TEST_TEST_TEST_TEST_TEST_TEST_TEST_TEST_TEST_TEST_TEST','SM');
INSERT INTO CUSTOMER_CENTER(Q_NO,MEM_NO,Q_TIT,Q_CON,QUESTION_CATEGORY) VALUES 
(SEQ_CUSTOMER_CENTER.NEXTVAL,'3','1:1문의 테스트 입니다.','TEST_TEST_TEST_TEST_TEST_TEST_TEST_TEST_TEST_TEST_TEST_TEST_TEST_TEST_TEST','SM');
INSERT INTO CUSTOMER_CENTER(Q_NO,MEM_NO,Q_TIT,Q_CON,QUESTION_CATEGORY) VALUES 
(SEQ_CUSTOMER_CENTER.NEXTVAL,'2','1:1문의 테스트 입니다.','TEST_TEST_TEST_TEST_TEST_TEST_TEST_TEST_TEST_TEST_TEST_TEST_TEST_TEST_TEST','NM');
INSERT INTO CUSTOMER_CENTER(Q_NO,MEM_NO,Q_TIT,Q_CON,QUESTION_CATEGORY) VALUES 
(SEQ_CUSTOMER_CENTER.NEXTVAL,'1','1:1문의 테스트 입니다.','TEST_TEST_TEST_TEST_TEST_TEST_TEST_TEST_TEST_TEST_TEST_TEST_TEST_TEST_TEST','PM');
INSERT INTO CUSTOMER_CENTER(Q_NO,MEM_NO,Q_TIT,Q_CON,QUESTION_CATEGORY) VALUES
(SEQ_CUSTOMER_CENTER.NEXTVAL,'1','1:1문의 테스트 입니다.','TEST_TEST_TEST_TEST_TEST_TEST_TEST_TEST_TEST_TEST_TEST_TEST_TEST_TEST_TEST','PM');
INSERT INTO CUSTOMER_CENTER(Q_NO,MEM_NO,Q_TIT,Q_CON,QUESTION_CATEGORY) VALUES 
(SEQ_CUSTOMER_CENTER.NEXTVAL,'1','1:1문의 테스트 입니다.','TEST_TEST_TEST_TEST_TEST_TEST_TEST_TEST_TEST_TEST_TEST_TEST_TEST_TEST_TEST','SM');
INSERT INTO CUSTOMER_CENTER(Q_NO,MEM_NO,Q_TIT,Q_CON,QUESTION_CATEGORY) VALUES 
(SEQ_CUSTOMER_CENTER.NEXTVAL,'2','1:1문의 테스트 입니다.','TEST_TEST_TEST_TEST_TEST_TEST_TEST_TEST_TEST_TEST_TEST_TEST_TEST_TEST_TEST','PM');
INSERT INTO CUSTOMER_CENTER(Q_NO,MEM_NO,Q_TIT,Q_CON,QUESTION_CATEGORY) VALUES 
(SEQ_CUSTOMER_CENTER.NEXTVAL,'3','1:1문의 테스트 입니다.','TEST_TEST_TEST_TEST_TEST_TEST_TEST_TEST_TEST_TEST_TEST_TEST_TEST_TEST_TEST','NM');
INSERT INTO CUSTOMER_CENTER(Q_NO,MEM_NO,Q_TIT,Q_CON,QUESTION_CATEGORY) VALUES 
(SEQ_CUSTOMER_CENTER.NEXTVAL,'4','1:1문의 테스트 입니다.','TEST_TEST_TEST_TEST_TEST_TEST_TEST_TEST_TEST_TEST_TEST_TEST_TEST_TEST_TEST','PM');
INSERT INTO CUSTOMER_CENTER(Q_NO,MEM_NO,Q_TIT,Q_CON,QUESTION_CATEGORY) VALUES 
(SEQ_CUSTOMER_CENTER.NEXTVAL,'1','1:1문의 테스트 입니다.','TEST_TEST_TEST_TEST_TEST_TEST_TEST_TEST_TEST_TEST_TEST_TEST_TEST_TEST_TEST','NM');
INSERT INTO CUSTOMER_CENTER(Q_NO,MEM_NO,Q_TIT,Q_CON,QUESTION_CATEGORY) VALUES 
(SEQ_CUSTOMER_CENTER.NEXTVAL,'1','1:1문의 테스트 입니다.','TEST_TEST_TEST_TEST_TEST_TEST_TEST_TEST_TEST_TEST_TEST_TEST_TEST_TEST_TEST','NM');
INSERT INTO CUSTOMER_CENTER(Q_NO,MEM_NO,Q_TIT,Q_CON,QUESTION_CATEGORY) VALUES 
(SEQ_CUSTOMER_CENTER.NEXTVAL,'2','1:1문의 테스트 입니다.','TEST_TEST_TEST_TEST_TEST_TEST_TEST_TEST_TEST_TEST_TEST_TEST_TEST_TEST_TEST','SM');
INSERT INTO CUSTOMER_CENTER(Q_NO,MEM_NO,Q_TIT,Q_CON,QUESTION_CATEGORY) VALUES 
(SEQ_CUSTOMER_CENTER.NEXTVAL,'3','1:1문의 테스트 입니다.','TEST_TEST_TEST_TEST_TEST_TEST_TEST_TEST_TEST_TEST_TEST_TEST_TEST_TEST_TEST','SM');
INSERT INTO CUSTOMER_CENTER(Q_NO,MEM_NO,Q_TIT,Q_CON,QUESTION_CATEGORY) VALUES 
(SEQ_CUSTOMER_CENTER.NEXTVAL,'2','1:1문의 테스트 입니다.','TEST_TEST_TEST_TEST_TEST_TEST_TEST_TEST_TEST_TEST_TEST_TEST_TEST_TEST_TEST','NM');
INSERT INTO CUSTOMER_CENTER(Q_NO,MEM_NO,Q_TIT,Q_CON,QUESTION_CATEGORY) VALUES 
(SEQ_CUSTOMER_CENTER.NEXTVAL,'1','1:1문의 테스트 입니다.','TEST_TEST_TEST_TEST_TEST_TEST_TEST_TEST_TEST_TEST_TEST_TEST_TEST_TEST_TEST','PM');
INSERT INTO CUSTOMER_CENTER(Q_NO,MEM_NO,Q_TIT,Q_CON,QUESTION_CATEGORY) VALUES
(SEQ_CUSTOMER_CENTER.NEXTVAL,'1','1:1문의 테스트 입니다.','TEST_TEST_TEST_TEST_TEST_TEST_TEST_TEST_TEST_TEST_TEST_TEST_TEST_TEST_TEST','PM');
INSERT INTO CUSTOMER_CENTER(Q_NO,MEM_NO,Q_TIT,Q_CON,Q_WRITE_DATE,QUESTION_CATEGORY,ANSEWR,ANSEWR_DATE,UPDATE_DATE,DEL_YN) VALUES 
(SEQ_CUSTOMER_CENTER.NEXTVAL,'1','1:1문의 테스트 입니다.','TEST_TEST_TEST_TEST_TEST_TEST_TEST_TEST_TEST_TEST_TEST_TEST_TEST_TEST_TEST',SYSDATE-10,'NM','문의 답변입니다.',SYSDATE-8,SYSDATE-5,'N');
INSERT INTO CUSTOMER_CENTER(Q_NO,MEM_NO,Q_TIT,Q_CON,Q_WRITE_DATE,QUESTION_CATEGORY,ANSEWR,ANSEWR_DATE,UPDATE_DATE,DEL_YN) VALUES 
(SEQ_CUSTOMER_CENTER.NEXTVAL,'1','1:1문의 테스트 입니다.','TEST_TEST_TEST_TEST_TEST_TEST_TEST_TEST_TEST_TEST_TEST_TEST_TEST_TEST_TEST',SYSDATE-9,'NM','문의 답변입니다.',SYSDATE-7,SYSDATE-6,'N');
INSERT INTO CUSTOMER_CENTER(Q_NO,MEM_NO,Q_TIT,Q_CON,Q_WRITE_DATE,QUESTION_CATEGORY,ANSEWR,ANSEWR_DATE,DEL_YN) VALUES 
(SEQ_CUSTOMER_CENTER.NEXTVAL,'1','1:1문의 테스트 입니다.','TEST_TEST_TEST_TEST_TEST_TEST_TEST_TEST_TEST_TEST_TEST_TEST_TEST_TEST_TEST',SYSDATE-8,'NM','문의 답변입니다.',SYSDATE-5,'N');
INSERT INTO CUSTOMER_CENTER(Q_NO,MEM_NO,Q_TIT,Q_CON,Q_WRITE_DATE,QUESTION_CATEGORY,ANSEWR,ANSEWR_DATE,UPDATE_DATE,DEL_YN) VALUES 
(SEQ_CUSTOMER_CENTER.NEXTVAL,'1','1:1문의 테스트 입니다.','TEST_TEST_TEST_TEST_TEST_TEST_TEST_TEST_TEST_TEST_TEST_TEST_TEST_TEST_TEST',SYSDATE-7,'NM','문의 답변입니다.',SYSDATE-6,SYSDATE-3,'N');
INSERT INTO CUSTOMER_CENTER(Q_NO,MEM_NO,Q_TIT,Q_CON,Q_WRITE_DATE,QUESTION_CATEGORY,ANSEWR,ANSEWR_DATE,DEL_YN) VALUES 
(SEQ_CUSTOMER_CENTER.NEXTVAL,'1','1:1문의 테스트 입니다.','TEST_TEST_TEST_TEST_TEST_TEST_TEST_TEST_TEST_TEST_TEST_TEST_TEST_TEST_TEST',SYSDATE-5,'NM','문의 답변입니다.',SYSDATE-3,'N');
INSERT INTO CUSTOMER_CENTER(Q_NO,MEM_NO,Q_TIT,Q_CON,QUESTION_CATEGORY) VALUES 
(SEQ_CUSTOMER_CENTER.NEXTVAL,'1','1:1문의 테스트 입니다.','TEST_TEST_TEST_TEST_TEST_TEST_TEST_TEST_TEST_TEST_TEST_TEST_TEST_TEST_TEST','SM');
INSERT INTO CUSTOMER_CENTER(Q_NO,MEM_NO,Q_TIT,Q_CON,QUESTION_CATEGORY) VALUES 
(SEQ_CUSTOMER_CENTER.NEXTVAL,'2','1:1문의 테스트 입니다.','TEST_TEST_TEST_TEST_TEST_TEST_TEST_TEST_TEST_TEST_TEST_TEST_TEST_TEST_TEST','PM');
INSERT INTO CUSTOMER_CENTER(Q_NO,MEM_NO,Q_TIT,Q_CON,QUESTION_CATEGORY) VALUES 
(SEQ_CUSTOMER_CENTER.NEXTVAL,'3','1:1문의 테스트 입니다.','TEST_TEST_TEST_TEST_TEST_TEST_TEST_TEST_TEST_TEST_TEST_TEST_TEST_TEST_TEST','NM');
INSERT INTO CUSTOMER_CENTER(Q_NO,MEM_NO,Q_TIT,Q_CON,QUESTION_CATEGORY) VALUES 
(SEQ_CUSTOMER_CENTER.NEXTVAL,'4','1:1문의 테스트 입니다.','TEST_TEST_TEST_TEST_TEST_TEST_TEST_TEST_TEST_TEST_TEST_TEST_TEST_TEST_TEST','PM');
INSERT INTO CUSTOMER_CENTER(Q_NO,MEM_NO,Q_TIT,Q_CON,QUESTION_CATEGORY) VALUES 
(SEQ_CUSTOMER_CENTER.NEXTVAL,'1','1:1문의 테스트 입니다.','TEST_TEST_TEST_TEST_TEST_TEST_TEST_TEST_TEST_TEST_TEST_TEST_TEST_TEST_TEST','NM');
INSERT INTO CUSTOMER_CENTER(Q_NO,MEM_NO,Q_TIT,Q_CON,Q_WRITE_DATE,QUESTION_CATEGORY,ANSEWR,ANSEWR_DATE,UPDATE_DATE,DEL_YN) VALUES 
(SEQ_CUSTOMER_CENTER.NEXTVAL,'1','1:1문의 테스트 입니다.','TEST_TEST_TEST_TEST_TEST_TEST_TEST_TEST_TEST_TEST_TEST_TEST_TEST_TEST_TEST',SYSDATE-10,'NM','문의 답변입니다.',SYSDATE-8,SYSDATE-5,'N');
INSERT INTO CUSTOMER_CENTER(Q_NO,MEM_NO,Q_TIT,Q_CON,QUESTION_CATEGORY) VALUES 
(SEQ_CUSTOMER_CENTER.NEXTVAL,'2','1:1문의 테스트 입니다.','TEST_TEST_TEST_TEST_TEST_TEST_TEST_TEST_TEST_TEST_TEST_TEST_TEST_TEST_TEST','SM');
INSERT INTO CUSTOMER_CENTER(Q_NO,MEM_NO,Q_TIT,Q_CON,QUESTION_CATEGORY) VALUES 
(SEQ_CUSTOMER_CENTER.NEXTVAL,'3','1:1문의 테스트 입니다.','TEST_TEST_TEST_TEST_TEST_TEST_TEST_TEST_TEST_TEST_TEST_TEST_TEST_TEST_TEST','SM');
INSERT INTO CUSTOMER_CENTER(Q_NO,MEM_NO,Q_TIT,Q_CON,QUESTION_CATEGORY) VALUES 
(SEQ_CUSTOMER_CENTER.NEXTVAL,'2','1:1문의 테스트 입니다.','TEST_TEST_TEST_TEST_TEST_TEST_TEST_TEST_TEST_TEST_TEST_TEST_TEST_TEST_TEST','NM');
INSERT INTO CUSTOMER_CENTER(Q_NO,MEM_NO,Q_TIT,Q_CON,QUESTION_CATEGORY) VALUES 
(SEQ_CUSTOMER_CENTER.NEXTVAL,'1','1:1문의 테스트 입니다.','TEST_TEST_TEST_TEST_TEST_TEST_TEST_TEST_TEST_TEST_TEST_TEST_TEST_TEST_TEST','PM');
INSERT INTO CUSTOMER_CENTER(Q_NO,MEM_NO,Q_TIT,Q_CON,QUESTION_CATEGORY) VALUES
(SEQ_CUSTOMER_CENTER.NEXTVAL,'1','1:1문의 테스트 입니다.','TEST_TEST_TEST_TEST_TEST_TEST_TEST_TEST_TEST_TEST_TEST_TEST_TEST_TEST_TEST','PM');
INSERT INTO CUSTOMER_CENTER(Q_NO,MEM_NO,Q_TIT,Q_CON,QUESTION_CATEGORY) VALUES 
(SEQ_CUSTOMER_CENTER.NEXTVAL,'1','1:1문의 테스트 입니다.','TEST_TEST_TEST_TEST_TEST_TEST_TEST_TEST_TEST_TEST_TEST_TEST_TEST_TEST_TEST','SM');
INSERT INTO CUSTOMER_CENTER(Q_NO,MEM_NO,Q_TIT,Q_CON,QUESTION_CATEGORY) VALUES 
(SEQ_CUSTOMER_CENTER.NEXTVAL,'2','1:1문의 테스트 입니다.','TEST_TEST_TEST_TEST_TEST_TEST_TEST_TEST_TEST_TEST_TEST_TEST_TEST_TEST_TEST','PM');
INSERT INTO CUSTOMER_CENTER(Q_NO,MEM_NO,Q_TIT,Q_CON,QUESTION_CATEGORY) VALUES 
(SEQ_CUSTOMER_CENTER.NEXTVAL,'3','1:1문의 테스트 입니다.','TEST_TEST_TEST_TEST_TEST_TEST_TEST_TEST_TEST_TEST_TEST_TEST_TEST_TEST_TEST','NM');
INSERT INTO CUSTOMER_CENTER(Q_NO,MEM_NO,Q_TIT,Q_CON,QUESTION_CATEGORY) VALUES 
(SEQ_CUSTOMER_CENTER.NEXTVAL,'4','1:1문의 테스트 입니다.','TEST_TEST_TEST_TEST_TEST_TEST_TEST_TEST_TEST_TEST_TEST_TEST_TEST_TEST_TEST','PM');
INSERT INTO CUSTOMER_CENTER(Q_NO,MEM_NO,Q_TIT,Q_CON,QUESTION_CATEGORY) VALUES 
(SEQ_CUSTOMER_CENTER.NEXTVAL,'1','1:1문의 테스트 입니다.','TEST_TEST_TEST_TEST_TEST_TEST_TEST_TEST_TEST_TEST_TEST_TEST_TEST_TEST_TEST','NM');
INSERT INTO CUSTOMER_CENTER(Q_NO,MEM_NO,Q_TIT,Q_CON,QUESTION_CATEGORY) VALUES 
(SEQ_CUSTOMER_CENTER.NEXTVAL,'1','1:1문의 테스트 입니다.','TEST_TEST_TEST_TEST_TEST_TEST_TEST_TEST_TEST_TEST_TEST_TEST_TEST_TEST_TEST','NM');
INSERT INTO CUSTOMER_CENTER(Q_NO,MEM_NO,Q_TIT,Q_CON,QUESTION_CATEGORY) VALUES 
(SEQ_CUSTOMER_CENTER.NEXTVAL,'2','1:1문의 테스트 입니다.','TEST_TEST_TEST_TEST_TEST_TEST_TEST_TEST_TEST_TEST_TEST_TEST_TEST_TEST_TEST','SM');
INSERT INTO CUSTOMER_CENTER(Q_NO,MEM_NO,Q_TIT,Q_CON,QUESTION_CATEGORY) VALUES 
(SEQ_CUSTOMER_CENTER.NEXTVAL,'3','1:1문의 테스트 입니다.','TEST_TEST_TEST_TEST_TEST_TEST_TEST_TEST_TEST_TEST_TEST_TEST_TEST_TEST_TEST','SM');
INSERT INTO CUSTOMER_CENTER(Q_NO,MEM_NO,Q_TIT,Q_CON,QUESTION_CATEGORY) VALUES 
(SEQ_CUSTOMER_CENTER.NEXTVAL,'2','1:1문의 테스트 입니다.','TEST_TEST_TEST_TEST_TEST_TEST_TEST_TEST_TEST_TEST_TEST_TEST_TEST_TEST_TEST','NM');
INSERT INTO CUSTOMER_CENTER(Q_NO,MEM_NO,Q_TIT,Q_CON,QUESTION_CATEGORY) VALUES 
(SEQ_CUSTOMER_CENTER.NEXTVAL,'1','1:1문의 테스트 입니다.','TEST_TEST_TEST_TEST_TEST_TEST_TEST_TEST_TEST_TEST_TEST_TEST_TEST_TEST_TEST','PM');
INSERT INTO CUSTOMER_CENTER(Q_NO,MEM_NO,Q_TIT,Q_CON,QUESTION_CATEGORY) VALUES
(SEQ_CUSTOMER_CENTER.NEXTVAL,'1','1:1문의 테스트 입니다.','TEST_TEST_TEST_TEST_TEST_TEST_TEST_TEST_TEST_TEST_TEST_TEST_TEST_TEST_TEST','PM');
INSERT INTO CUSTOMER_CENTER(Q_NO,MEM_NO,Q_TIT,Q_CON,QUESTION_CATEGORY) VALUES 
(SEQ_CUSTOMER_CENTER.NEXTVAL,'1','1:1문의 테스트 입니다.','TEST_TEST_TEST_TEST_TEST_TEST_TEST_TEST_TEST_TEST_TEST_TEST_TEST_TEST_TEST','SM');
INSERT INTO CUSTOMER_CENTER(Q_NO,MEM_NO,Q_TIT,Q_CON,QUESTION_CATEGORY) VALUES 
(SEQ_CUSTOMER_CENTER.NEXTVAL,'2','1:1문의 테스트 입니다.','TEST_TEST_TEST_TEST_TEST_TEST_TEST_TEST_TEST_TEST_TEST_TEST_TEST_TEST_TEST','PM');
INSERT INTO CUSTOMER_CENTER(Q_NO,MEM_NO,Q_TIT,Q_CON,QUESTION_CATEGORY) VALUES 
(SEQ_CUSTOMER_CENTER.NEXTVAL,'3','1:1문의 테스트 입니다.','TEST_TEST_TEST_TEST_TEST_TEST_TEST_TEST_TEST_TEST_TEST_TEST_TEST_TEST_TEST','NM');
INSERT INTO CUSTOMER_CENTER(Q_NO,MEM_NO,Q_TIT,Q_CON,QUESTION_CATEGORY) VALUES 
(SEQ_CUSTOMER_CENTER.NEXTVAL,'4','1:1문의 테스트 입니다.','TEST_TEST_TEST_TEST_TEST_TEST_TEST_TEST_TEST_TEST_TEST_TEST_TEST_TEST_TEST','PM');
INSERT INTO CUSTOMER_CENTER(Q_NO,MEM_NO,Q_TIT,Q_CON,QUESTION_CATEGORY) VALUES 
(SEQ_CUSTOMER_CENTER.NEXTVAL,'1','1:1문의 테스트 입니다.','TEST_TEST_TEST_TEST_TEST_TEST_TEST_TEST_TEST_TEST_TEST_TEST_TEST_TEST_TEST','NM');
INSERT INTO CUSTOMER_CENTER(Q_NO,MEM_NO,Q_TIT,Q_CON,QUESTION_CATEGORY) VALUES 
(SEQ_CUSTOMER_CENTER.NEXTVAL,'1','1:1문의 테스트 입니다.','TEST_TEST_TEST_TEST_TEST_TEST_TEST_TEST_TEST_TEST_TEST_TEST_TEST_TEST_TEST','NM');
INSERT INTO CUSTOMER_CENTER(Q_NO,MEM_NO,Q_TIT,Q_CON,QUESTION_CATEGORY) VALUES 
(SEQ_CUSTOMER_CENTER.NEXTVAL,'2','1:1문의 테스트 입니다.','TEST_TEST_TEST_TEST_TEST_TEST_TEST_TEST_TEST_TEST_TEST_TEST_TEST_TEST_TEST','SM');
INSERT INTO CUSTOMER_CENTER(Q_NO,MEM_NO,Q_TIT,Q_CON,QUESTION_CATEGORY) VALUES 
(SEQ_CUSTOMER_CENTER.NEXTVAL,'3','1:1문의 테스트 입니다.','TEST_TEST_TEST_TEST_TEST_TEST_TEST_TEST_TEST_TEST_TEST_TEST_TEST_TEST_TEST','SM');
INSERT INTO CUSTOMER_CENTER(Q_NO,MEM_NO,Q_TIT,Q_CON,QUESTION_CATEGORY) VALUES 
(SEQ_CUSTOMER_CENTER.NEXTVAL,'2','1:1문의 테스트 입니다.','TEST_TEST_TEST_TEST_TEST_TEST_TEST_TEST_TEST_TEST_TEST_TEST_TEST_TEST_TEST','NM');
INSERT INTO CUSTOMER_CENTER(Q_NO,MEM_NO,Q_TIT,Q_CON,QUESTION_CATEGORY) VALUES 
(SEQ_CUSTOMER_CENTER.NEXTVAL,'1','1:1문의 테스트 입니다.','TEST_TEST_TEST_TEST_TEST_TEST_TEST_TEST_TEST_TEST_TEST_TEST_TEST_TEST_TEST','PM');
INSERT INTO CUSTOMER_CENTER(Q_NO,MEM_NO,Q_TIT,Q_CON,QUESTION_CATEGORY) VALUES
(SEQ_CUSTOMER_CENTER.NEXTVAL,'1','1:1문의 테스트 입니다.','TEST_TEST_TEST_TEST_TEST_TEST_TEST_TEST_TEST_TEST_TEST_TEST_TEST_TEST_TEST','PM');
INSERT INTO CUSTOMER_CENTER(Q_NO,MEM_NO,Q_TIT,Q_CON,Q_WRITE_DATE,QUESTION_CATEGORY,ANSEWR,ANSEWR_DATE,UPDATE_DATE,DEL_YN) VALUES 
(SEQ_CUSTOMER_CENTER.NEXTVAL,'1','1:1문의 테스트 입니다.','TEST_TEST_TEST_TEST_TEST_TEST_TEST_TEST_TEST_TEST_TEST_TEST_TEST_TEST_TEST',SYSDATE-10,'NM','문의 답변입니다.',SYSDATE-8,SYSDATE-5,'N');
INSERT INTO CUSTOMER_CENTER(Q_NO,MEM_NO,Q_TIT,Q_CON,Q_WRITE_DATE,QUESTION_CATEGORY,ANSEWR,ANSEWR_DATE,UPDATE_DATE,DEL_YN) VALUES 
(SEQ_CUSTOMER_CENTER.NEXTVAL,'1','1:1문의 테스트 입니다.','TEST_TEST_TEST_TEST_TEST_TEST_TEST_TEST_TEST_TEST_TEST_TEST_TEST_TEST_TEST',SYSDATE-9,'NM','문의 답변입니다.',SYSDATE-7,SYSDATE-6,'N');
INSERT INTO CUSTOMER_CENTER(Q_NO,MEM_NO,Q_TIT,Q_CON,Q_WRITE_DATE,QUESTION_CATEGORY,ANSEWR,ANSEWR_DATE,DEL_YN) VALUES 
(SEQ_CUSTOMER_CENTER.NEXTVAL,'1','1:1문의 테스트 입니다.','TEST_TEST_TEST_TEST_TEST_TEST_TEST_TEST_TEST_TEST_TEST_TEST_TEST_TEST_TEST',SYSDATE-8,'NM','문의 답변입니다.',SYSDATE-5,'N');
INSERT INTO CUSTOMER_CENTER(Q_NO,MEM_NO,Q_TIT,Q_CON,Q_WRITE_DATE,QUESTION_CATEGORY,ANSEWR,ANSEWR_DATE,UPDATE_DATE,DEL_YN) VALUES 
(SEQ_CUSTOMER_CENTER.NEXTVAL,'1','1:1문의 테스트 입니다.','TEST_TEST_TEST_TEST_TEST_TEST_TEST_TEST_TEST_TEST_TEST_TEST_TEST_TEST_TEST',SYSDATE-7,'NM','문의 답변입니다.',SYSDATE-6,SYSDATE-3,'N');
INSERT INTO CUSTOMER_CENTER(Q_NO,MEM_NO,Q_TIT,Q_CON,Q_WRITE_DATE,QUESTION_CATEGORY,ANSEWR,ANSEWR_DATE,DEL_YN) VALUES 
(SEQ_CUSTOMER_CENTER.NEXTVAL,'1','1:1문의 테스트 입니다.','TEST_TEST_TEST_TEST_TEST_TEST_TEST_TEST_TEST_TEST_TEST_TEST_TEST_TEST_TEST',SYSDATE-5,'NM','문의 답변입니다.',SYSDATE-3,'N');
COMMIT;


--블로그
INSERT INTO BLOG (BLOG_NO, MEM_NO, OPEN_YN, LAYOUT, SKIN, CLOCK_YN, MAP_YN, R_COMMENTS_YN, FOLLOW_BLOG_YN, VISITORS_CNT_YN, BLOG_IMG, R_COMMENTS, VISIT_CNT, BLOG_MAIN, REP_YN, BLOG_TITLE, BLOG_URL)
VALUES (SEQ_BLOG_NO.NEXTVAL, 1, 'Y', '1', '1', 'N', 'N', 'N', 'N', 'N', 'blog_img1.jpg', '1', 0, null, 'Y', 'Blog Title 1', 'goekw1');
INSERT INTO BLOG (BLOG_NO, MEM_NO, OPEN_YN, LAYOUT, SKIN, CLOCK_YN, MAP_YN, R_COMMENTS_YN, FOLLOW_BLOG_YN, VISITORS_CNT_YN, BLOG_IMG, R_COMMENTS, VISIT_CNT, BLOG_MAIN, REP_YN, BLOG_TITLE, BLOG_URL)
VALUES (SEQ_BLOG_NO.NEXTVAL, 1, 'Y', '2', '2', 'N', 'N', 'N', 'N', 'N', 'blog2.jpg', '1', 0, null, 'N', '1번회원 블로그제목', 'goekw2');
INSERT INTO BLOG (BLOG_NO, MEM_NO, OPEN_YN, LAYOUT, SKIN, CLOCK_YN, MAP_YN, R_COMMENTS_YN, FOLLOW_BLOG_YN, VISITORS_CNT_YN, BLOG_IMG, R_COMMENTS, VISIT_CNT, BLOG_MAIN, REP_YN, BLOG_TITLE, BLOG_URL)
VALUES (SEQ_BLOG_NO.NEXTVAL, 2, 'Y', '3', '3', 'N', 'N', 'N', 'N', 'N', 'blog3.jpg', '1', 0, null, 'Y', '2번회원 블로그제목', 'goekw3');
INSERT INTO BLOG (BLOG_NO, MEM_NO, OPEN_YN, LAYOUT, SKIN, CLOCK_YN, MAP_YN, R_COMMENTS_YN, FOLLOW_BLOG_YN, VISITORS_CNT_YN, BLOG_IMG, R_COMMENTS, VISIT_CNT, BLOG_MAIN, REP_YN, BLOG_TITLE, BLOG_URL)
VALUES (SEQ_BLOG_NO.NEXTVAL, 3, 'Y', '2', '4', 'N', 'N', 'N', 'N', 'N', 'blog4.jpg', '1', 0, null, 'Y', '3번회원 블로그제목', 'goekw4');
INSERT INTO BLOG (BLOG_NO, MEM_NO, OPEN_YN, LAYOUT, SKIN, CLOCK_YN, MAP_YN, R_COMMENTS_YN, FOLLOW_BLOG_YN, VISITORS_CNT_YN, BLOG_IMG, R_COMMENTS, VISIT_CNT, BLOG_MAIN, REP_YN, BLOG_TITLE, BLOG_URL)
VALUES (SEQ_BLOG_NO.NEXTVAL, 4, 'Y', '3', '5', 'N', 'N', 'N', 'N', 'N', 'blog5.jpg', '1', 0, null, 'Y', '4번회원 블로그제목', 'goekw5');
INSERT INTO BLOG (BLOG_NO, MEM_NO, OPEN_YN, LAYOUT, SKIN, CLOCK_YN, MAP_YN, R_COMMENTS_YN, FOLLOW_BLOG_YN, VISITORS_CNT_YN, BLOG_IMG, R_COMMENTS, VISIT_CNT, BLOG_MAIN, REP_YN, BLOG_TITLE, BLOG_URL)
VALUES (SEQ_BLOG_NO.NEXTVAL, 4, 'Y', '1', '6', 'N', 'N', 'N', 'N', 'N', 'blog6.jpg', '1', 0, null, 'N', '4번회원 블로그제목', 'goekw6');
INSERT INTO BLOG (BLOG_NO, MEM_NO, OPEN_YN, LAYOUT, SKIN, CLOCK_YN, MAP_YN, R_COMMENTS_YN, FOLLOW_BLOG_YN, VISITORS_CNT_YN, BLOG_IMG, R_COMMENTS, VISIT_CNT, BLOG_MAIN, REP_YN, BLOG_TITLE, BLOG_URL)
VALUES (SEQ_BLOG_NO.NEXTVAL, 5, 'Y', '2', '1', 'N', 'N', 'N', 'N', 'N', 'blog7.jpg', '1', 0, null, 'Y', '5번회원 블로그제목', 'goekw7');
INSERT INTO BLOG (BLOG_NO, MEM_NO, OPEN_YN, LAYOUT, SKIN, CLOCK_YN, MAP_YN, R_COMMENTS_YN, FOLLOW_BLOG_YN, VISITORS_CNT_YN, BLOG_IMG, R_COMMENTS, VISIT_CNT, BLOG_MAIN, REP_YN, BLOG_TITLE, BLOG_URL)
VALUES (SEQ_BLOG_NO.NEXTVAL, 6, 'Y', '3', '2', 'N', 'N', 'N', 'N', 'N', 'blog8.jpg', '1', 0, null, 'Y', '6번회원 블로그제목', 'goekw8');
INSERT INTO BLOG (BLOG_NO, MEM_NO, OPEN_YN, LAYOUT, SKIN, CLOCK_YN, MAP_YN, R_COMMENTS_YN, FOLLOW_BLOG_YN, VISITORS_CNT_YN, BLOG_IMG, R_COMMENTS, VISIT_CNT, BLOG_MAIN, REP_YN, BLOG_TITLE, BLOG_URL)
VALUES (SEQ_BLOG_NO.NEXTVAL, 7, 'Y', '1', '3', 'N', 'N', 'N', 'N', 'N', 'blog9.jpg', '1', 0, null, 'Y', '7번회원 블로그제목', 'goekw9');
INSERT INTO BLOG (BLOG_NO, MEM_NO, OPEN_YN, LAYOUT, SKIN, CLOCK_YN, MAP_YN, R_COMMENTS_YN, FOLLOW_BLOG_YN, VISITORS_CNT_YN, BLOG_IMG, R_COMMENTS, VISIT_CNT, BLOG_MAIN, REP_YN, BLOG_TITLE, BLOG_URL)
VALUES (SEQ_BLOG_NO.NEXTVAL, 8, 'Y', '1', '4', 'N', 'N', 'N', 'N', 'N', 'blog10.jpg', '1', 0, null, 'Y', '8번회원 블로그제목', 'goekw10');

COMMIT;
-- VISITORS (회원 방문자)
INSERT INTO VISITORS (VISITORS_NO, BLOG_NO, VISITORS_MEM_NO, VISIT_DATE) VALUES (SEQ_VISITORS_NO.NEXTVAL, 1, 2, SYSTIMESTAMP);
INSERT INTO VISITORS (VISITORS_NO, BLOG_NO, VISITORS_MEM_NO, VISIT_DATE) VALUES (SEQ_VISITORS_NO.NEXTVAL, 1, 3, SYSTIMESTAMP);
INSERT INTO VISITORS (VISITORS_NO, BLOG_NO, VISITORS_MEM_NO, VISIT_DATE) VALUES (SEQ_VISITORS_NO.NEXTVAL, 2, 4, SYSTIMESTAMP);
INSERT INTO VISITORS (VISITORS_NO, BLOG_NO, VISITORS_MEM_NO, VISIT_DATE) VALUES (SEQ_VISITORS_NO.NEXTVAL, 2, 5, SYSTIMESTAMP);
INSERT INTO VISITORS (VISITORS_NO, BLOG_NO, VISITORS_MEM_NO, VISIT_DATE) VALUES (SEQ_VISITORS_NO.NEXTVAL, 3, 6, SYSTIMESTAMP);
INSERT INTO VISITORS (VISITORS_NO, BLOG_NO, VISITORS_MEM_NO, VISIT_DATE) VALUES (SEQ_VISITORS_NO.NEXTVAL, 3, 7, SYSTIMESTAMP);
INSERT INTO VISITORS (VISITORS_NO, BLOG_NO, VISITORS_MEM_NO, VISIT_DATE) VALUES (SEQ_VISITORS_NO.NEXTVAL, 4, 8, SYSTIMESTAMP);
INSERT INTO VISITORS (VISITORS_NO, BLOG_NO, VISITORS_MEM_NO, VISIT_DATE) VALUES (SEQ_VISITORS_NO.NEXTVAL, 4, 9, SYSTIMESTAMP);
INSERT INTO VISITORS (VISITORS_NO, BLOG_NO, VISITORS_MEM_NO, VISIT_DATE) VALUES (SEQ_VISITORS_NO.NEXTVAL, 5, 10, SYSTIMESTAMP);
INSERT INTO VISITORS (VISITORS_NO, BLOG_NO, VISITORS_MEM_NO, VISIT_DATE) VALUES (SEQ_VISITORS_NO.NEXTVAL, 5, 1, SYSTIMESTAMP);
COMMIT;
-- BLOG (블로그)


-- MYBLOG_CATEGORY(내 블로그 카테고리)
INSERT INTO MYBLOG_CATEGORY (GROUP_NO, BLOG_NO, GROUP_NAME, GROUP_ORDER) VALUES (SEQ_GROUP_NO.NEXTVAL, 1, 'Category1', 1);
INSERT INTO MYBLOG_CATEGORY (GROUP_NO, BLOG_NO, GROUP_NAME, GROUP_ORDER) VALUES (SEQ_GROUP_NO.NEXTVAL, 1, 'Category2', 2);
INSERT INTO MYBLOG_CATEGORY (GROUP_NO, BLOG_NO, GROUP_NAME, GROUP_ORDER) VALUES (SEQ_GROUP_NO.NEXTVAL, 2, 'Category3', 1);
INSERT INTO MYBLOG_CATEGORY (GROUP_NO, BLOG_NO, GROUP_NAME, GROUP_ORDER) VALUES (SEQ_GROUP_NO.NEXTVAL, 2, 'Category4', 2);
INSERT INTO MYBLOG_CATEGORY (GROUP_NO, BLOG_NO, GROUP_NAME, GROUP_ORDER) VALUES (SEQ_GROUP_NO.NEXTVAL, 3, 'Category5', 1);
INSERT INTO MYBLOG_CATEGORY (GROUP_NO, BLOG_NO, GROUP_NAME, GROUP_ORDER) VALUES (SEQ_GROUP_NO.NEXTVAL, 3, 'Category6', 2);
INSERT INTO MYBLOG_CATEGORY (GROUP_NO, BLOG_NO, GROUP_NAME, GROUP_ORDER) VALUES (SEQ_GROUP_NO.NEXTVAL, 4, 'Category7', 1);
INSERT INTO MYBLOG_CATEGORY (GROUP_NO, BLOG_NO, GROUP_NAME, GROUP_ORDER) VALUES (SEQ_GROUP_NO.NEXTVAL, 4, 'Category8', 2);
INSERT INTO MYBLOG_CATEGORY (GROUP_NO, BLOG_NO, GROUP_NAME, GROUP_ORDER) VALUES (SEQ_GROUP_NO.NEXTVAL, 5, 'Category9', 1);
INSERT INTO MYBLOG_CATEGORY (GROUP_NO, BLOG_NO, GROUP_NAME, GROUP_ORDER) VALUES (SEQ_GROUP_NO.NEXTVAL, 5, 'Category10', 2);
COMMIT;

-- CATEGORY_LIST(카테고리)
INSERT INTO CATEGORY_LIST (CATEGORY_NO, CATEGORY_NAME) VALUES (SEQ_CATEGORY_LIST_NO.NEXTVAL, '미술/디자인');
INSERT INTO CATEGORY_LIST (CATEGORY_NO, CATEGORY_NAME) VALUES (SEQ_CATEGORY_LIST_NO.NEXTVAL, '반려동물');
INSERT INTO CATEGORY_LIST (CATEGORY_NO, CATEGORY_NAME) VALUES (SEQ_CATEGORY_LIST_NO.NEXTVAL, '사진');
INSERT INTO CATEGORY_LIST (CATEGORY_NO, CATEGORY_NAME) VALUES (SEQ_CATEGORY_LIST_NO.NEXTVAL, '어학/외국어');
INSERT INTO CATEGORY_LIST (CATEGORY_NO, CATEGORY_NAME) VALUES (SEQ_CATEGORY_LIST_NO.NEXTVAL, '게임');
INSERT INTO CATEGORY_LIST (CATEGORY_NO, CATEGORY_NAME) VALUES (SEQ_CATEGORY_LIST_NO.NEXTVAL, '자동차');
INSERT INTO CATEGORY_LIST (CATEGORY_NO, CATEGORY_NAME) VALUES (SEQ_CATEGORY_LIST_NO.NEXTVAL, '음식');
INSERT INTO CATEGORY_LIST (CATEGORY_NO, CATEGORY_NAME) VALUES (SEQ_CATEGORY_LIST_NO.NEXTVAL, '독서');
INSERT INTO CATEGORY_LIST (CATEGORY_NO, CATEGORY_NAME) VALUES (SEQ_CATEGORY_LIST_NO.NEXTVAL, '공부');
INSERT INTO CATEGORY_LIST (CATEGORY_NO, CATEGORY_NAME) VALUES (SEQ_CATEGORY_LIST_NO.NEXTVAL, '여행');
COMMIT;

-- POST(포스트)
INSERT INTO POST (POST_NO, BLOG_NO, CATEGORY_NO, GROUP_NO, TITLE, CONTENT) VALUES (SEQ_POST_NO.NEXTVAL, 1, 1, 1, '제목01', '내용01');
INSERT INTO POST (POST_NO, BLOG_NO, CATEGORY_NO, GROUP_NO, TITLE, CONTENT) VALUES (SEQ_POST_NO.NEXTVAL, 1, 1, 2, '제목02', '내용02');
INSERT INTO POST (POST_NO, BLOG_NO, CATEGORY_NO, GROUP_NO, TITLE, CONTENT) VALUES (SEQ_POST_NO.NEXTVAL, 1, 1, 3, '제목03', '내용03');
INSERT INTO POST (POST_NO, BLOG_NO, CATEGORY_NO, GROUP_NO, TITLE, CONTENT) VALUES (SEQ_POST_NO.NEXTVAL, 1, 2, 1, '제목04', '내용04');
INSERT INTO POST (POST_NO, BLOG_NO, CATEGORY_NO, GROUP_NO, TITLE, CONTENT) VALUES (SEQ_POST_NO.NEXTVAL, 1, 2, 2, '제목05', '내용05');
INSERT INTO POST (POST_NO, BLOG_NO, CATEGORY_NO, GROUP_NO, TITLE, CONTENT) VALUES (SEQ_POST_NO.NEXTVAL, 1, 2, 3, '제목06', '내용06');
INSERT INTO POST (POST_NO, BLOG_NO, CATEGORY_NO, GROUP_NO, TITLE, CONTENT) VALUES (SEQ_POST_NO.NEXTVAL, 1, 3, 1, '제목07', '내용07');
INSERT INTO POST (POST_NO, BLOG_NO, CATEGORY_NO, GROUP_NO, TITLE, CONTENT) VALUES (SEQ_POST_NO.NEXTVAL, 1, 3, 2, '제목08', '내용08');
INSERT INTO POST (POST_NO, BLOG_NO, CATEGORY_NO, GROUP_NO, TITLE, CONTENT) VALUES (SEQ_POST_NO.NEXTVAL, 1, 3, 3, '제목09', '내용09');
INSERT INTO POST (POST_NO, BLOG_NO, CATEGORY_NO, GROUP_NO, TITLE, CONTENT) VALUES (SEQ_POST_NO.NEXTVAL, 1, 4, 1, '제목10', '내용10');
INSERT INTO POST (POST_NO, BLOG_NO, CATEGORY_NO, GROUP_NO, TITLE, CONTENT) VALUES (SEQ_POST_NO.NEXTVAL, 1, 4, 2, '제목11', '내용11');
INSERT INTO POST (POST_NO, BLOG_NO, CATEGORY_NO, GROUP_NO, TITLE, CONTENT) VALUES (SEQ_POST_NO.NEXTVAL, 1, 4, 3, '제목12', '내용12');
INSERT INTO POST (POST_NO, BLOG_NO, CATEGORY_NO, GROUP_NO, TITLE, CONTENT) VALUES (SEQ_POST_NO.NEXTVAL, 1, 5, 1, '제목13', '내용13');
INSERT INTO POST (POST_NO, BLOG_NO, CATEGORY_NO, GROUP_NO, TITLE, CONTENT) VALUES (SEQ_POST_NO.NEXTVAL, 1, 5, 2, '제목14', '내용14');
INSERT INTO POST (POST_NO, BLOG_NO, CATEGORY_NO, GROUP_NO, TITLE, CONTENT) VALUES (SEQ_POST_NO.NEXTVAL, 1, 5, 3, '제목15', '내용15');
INSERT INTO POST (POST_NO, BLOG_NO, CATEGORY_NO, GROUP_NO, TITLE, CONTENT) VALUES (SEQ_POST_NO.NEXTVAL, 1, 6, 1, '제목16', '내용16');
INSERT INTO POST (POST_NO, BLOG_NO, CATEGORY_NO, GROUP_NO, TITLE, CONTENT) VALUES (SEQ_POST_NO.NEXTVAL, 1, 6, 2, '제목17', '내용17');
INSERT INTO POST (POST_NO, BLOG_NO, CATEGORY_NO, GROUP_NO, TITLE, CONTENT) VALUES (SEQ_POST_NO.NEXTVAL, 1, 6, 3, '제목18', '내용18');
INSERT INTO POST (POST_NO, BLOG_NO, CATEGORY_NO, GROUP_NO, TITLE, CONTENT) VALUES (SEQ_POST_NO.NEXTVAL, 1, 7, 1, '제목19', '내용19');
INSERT INTO POST (POST_NO, BLOG_NO, CATEGORY_NO, GROUP_NO, TITLE, CONTENT) VALUES (SEQ_POST_NO.NEXTVAL, 1, 7, 2, '제목20', '내용20');
INSERT INTO POST (POST_NO, BLOG_NO, CATEGORY_NO, GROUP_NO, TITLE, CONTENT) VALUES (SEQ_POST_NO.NEXTVAL, 1, 7, 3, '제목21', '내용21');
INSERT INTO POST (POST_NO, BLOG_NO, CATEGORY_NO, GROUP_NO, TITLE, CONTENT) VALUES (SEQ_POST_NO.NEXTVAL, 1, 8, 1, '제목22', '내용22');
INSERT INTO POST (POST_NO, BLOG_NO, CATEGORY_NO, GROUP_NO, TITLE, CONTENT) VALUES (SEQ_POST_NO.NEXTVAL, 1, 8, 2, '제목23', '내용23');
INSERT INTO POST (POST_NO, BLOG_NO, CATEGORY_NO, GROUP_NO, TITLE, CONTENT) VALUES (SEQ_POST_NO.NEXTVAL, 1, 8, 3, '제목24', '내용24');
INSERT INTO POST (POST_NO, BLOG_NO, CATEGORY_NO, GROUP_NO, TITLE, CONTENT) VALUES (SEQ_POST_NO.NEXTVAL, 1, 9, 1, '제목25', '내용25');
INSERT INTO POST (POST_NO, BLOG_NO, CATEGORY_NO, GROUP_NO, TITLE, CONTENT) VALUES (SEQ_POST_NO.NEXTVAL, 1, 9, 2, '제목26', '내용26');
INSERT INTO POST (POST_NO, BLOG_NO, CATEGORY_NO, GROUP_NO, TITLE, CONTENT) VALUES (SEQ_POST_NO.NEXTVAL, 1, 9, 3, '제목27', '내용27');
INSERT INTO POST (POST_NO, BLOG_NO, CATEGORY_NO, GROUP_NO, TITLE, CONTENT) VALUES (SEQ_POST_NO.NEXTVAL, 1, 10, 1, '제목28', '내용28');
INSERT INTO POST (POST_NO, BLOG_NO, CATEGORY_NO, GROUP_NO, TITLE, CONTENT) VALUES (SEQ_POST_NO.NEXTVAL, 1, 10, 2, '제목29', '내용29');
INSERT INTO POST (POST_NO, BLOG_NO, CATEGORY_NO, GROUP_NO, TITLE, CONTENT) VALUES (SEQ_POST_NO.NEXTVAL, 1, 10, 3, '제목30', '내용30');

INSERT INTO POST (POST_NO, BLOG_NO, CATEGORY_NO, GROUP_NO, TITLE, CONTENT) VALUES (SEQ_POST_NO.NEXTVAL, 2, 1, 1, '제목01', '내용01');
INSERT INTO POST (POST_NO, BLOG_NO, CATEGORY_NO, GROUP_NO, TITLE, CONTENT) VALUES (SEQ_POST_NO.NEXTVAL, 2, 1, 2, '제목02', '내용02');
INSERT INTO POST (POST_NO, BLOG_NO, CATEGORY_NO, GROUP_NO, TITLE, CONTENT) VALUES (SEQ_POST_NO.NEXTVAL, 2, 1, 3, '제목03', '내용03');
INSERT INTO POST (POST_NO, BLOG_NO, CATEGORY_NO, GROUP_NO, TITLE, CONTENT) VALUES (SEQ_POST_NO.NEXTVAL, 2, 2, 1, '제목04', '내용04');
INSERT INTO POST (POST_NO, BLOG_NO, CATEGORY_NO, GROUP_NO, TITLE, CONTENT) VALUES (SEQ_POST_NO.NEXTVAL, 2, 2, 2, '제목05', '내용05');
INSERT INTO POST (POST_NO, BLOG_NO, CATEGORY_NO, GROUP_NO, TITLE, CONTENT) VALUES (SEQ_POST_NO.NEXTVAL, 2, 2, 3, '제목06', '내용06');
INSERT INTO POST (POST_NO, BLOG_NO, CATEGORY_NO, GROUP_NO, TITLE, CONTENT) VALUES (SEQ_POST_NO.NEXTVAL, 2, 3, 1, '제목07', '내용07');
INSERT INTO POST (POST_NO, BLOG_NO, CATEGORY_NO, GROUP_NO, TITLE, CONTENT) VALUES (SEQ_POST_NO.NEXTVAL, 2, 3, 2, '제목08', '내용08');
INSERT INTO POST (POST_NO, BLOG_NO, CATEGORY_NO, GROUP_NO, TITLE, CONTENT) VALUES (SEQ_POST_NO.NEXTVAL, 2, 3, 3, '제목09', '내용09');
INSERT INTO POST (POST_NO, BLOG_NO, CATEGORY_NO, GROUP_NO, TITLE, CONTENT) VALUES (SEQ_POST_NO.NEXTVAL, 2, 4, 1, '제목10', '내용10');
INSERT INTO POST (POST_NO, BLOG_NO, CATEGORY_NO, GROUP_NO, TITLE, CONTENT) VALUES (SEQ_POST_NO.NEXTVAL, 2, 4, 2, '제목11', '내용11');
INSERT INTO POST (POST_NO, BLOG_NO, CATEGORY_NO, GROUP_NO, TITLE, CONTENT) VALUES (SEQ_POST_NO.NEXTVAL, 2, 4, 3, '제목12', '내용12');
INSERT INTO POST (POST_NO, BLOG_NO, CATEGORY_NO, GROUP_NO, TITLE, CONTENT) VALUES (SEQ_POST_NO.NEXTVAL, 2, 5, 1, '제목13', '내용13');
INSERT INTO POST (POST_NO, BLOG_NO, CATEGORY_NO, GROUP_NO, TITLE, CONTENT) VALUES (SEQ_POST_NO.NEXTVAL, 2, 5, 2, '제목14', '내용14');
INSERT INTO POST (POST_NO, BLOG_NO, CATEGORY_NO, GROUP_NO, TITLE, CONTENT) VALUES (SEQ_POST_NO.NEXTVAL, 2, 5, 3, '제목15', '내용15');
INSERT INTO POST (POST_NO, BLOG_NO, CATEGORY_NO, GROUP_NO, TITLE, CONTENT) VALUES (SEQ_POST_NO.NEXTVAL, 2, 6, 1, '제목16', '내용16');
INSERT INTO POST (POST_NO, BLOG_NO, CATEGORY_NO, GROUP_NO, TITLE, CONTENT) VALUES (SEQ_POST_NO.NEXTVAL, 2, 6, 2, '제목17', '내용17');
INSERT INTO POST (POST_NO, BLOG_NO, CATEGORY_NO, GROUP_NO, TITLE, CONTENT) VALUES (SEQ_POST_NO.NEXTVAL, 2, 6, 3, '제목18', '내용18');
INSERT INTO POST (POST_NO, BLOG_NO, CATEGORY_NO, GROUP_NO, TITLE, CONTENT) VALUES (SEQ_POST_NO.NEXTVAL, 2, 7, 1, '제목19', '내용19');
INSERT INTO POST (POST_NO, BLOG_NO, CATEGORY_NO, GROUP_NO, TITLE, CONTENT) VALUES (SEQ_POST_NO.NEXTVAL, 2, 7, 2, '제목20', '내용20');
INSERT INTO POST (POST_NO, BLOG_NO, CATEGORY_NO, GROUP_NO, TITLE, CONTENT) VALUES (SEQ_POST_NO.NEXTVAL, 2, 7, 3, '제목21', '내용21');
INSERT INTO POST (POST_NO, BLOG_NO, CATEGORY_NO, GROUP_NO, TITLE, CONTENT) VALUES (SEQ_POST_NO.NEXTVAL, 2, 8, 1, '제목22', '내용22');
INSERT INTO POST (POST_NO, BLOG_NO, CATEGORY_NO, GROUP_NO, TITLE, CONTENT) VALUES (SEQ_POST_NO.NEXTVAL, 2, 8, 2, '제목23', '내용23');
INSERT INTO POST (POST_NO, BLOG_NO, CATEGORY_NO, GROUP_NO, TITLE, CONTENT) VALUES (SEQ_POST_NO.NEXTVAL, 2, 8, 3, '제목24', '내용24');
INSERT INTO POST (POST_NO, BLOG_NO, CATEGORY_NO, GROUP_NO, TITLE, CONTENT) VALUES (SEQ_POST_NO.NEXTVAL, 2, 9, 1, '제목25', '내용25');
INSERT INTO POST (POST_NO, BLOG_NO, CATEGORY_NO, GROUP_NO, TITLE, CONTENT) VALUES (SEQ_POST_NO.NEXTVAL, 2, 9, 2, '제목26', '내용26');
INSERT INTO POST (POST_NO, BLOG_NO, CATEGORY_NO, GROUP_NO, TITLE, CONTENT) VALUES (SEQ_POST_NO.NEXTVAL, 2, 9, 3, '제목27', '내용27');
INSERT INTO POST (POST_NO, BLOG_NO, CATEGORY_NO, GROUP_NO, TITLE, CONTENT) VALUES (SEQ_POST_NO.NEXTVAL, 2, 10, 1, '제목28', '내용28');
INSERT INTO POST (POST_NO, BLOG_NO, CATEGORY_NO, GROUP_NO, TITLE, CONTENT) VALUES (SEQ_POST_NO.NEXTVAL, 2, 10, 2, '제목29', '내용29');
INSERT INTO POST (POST_NO, BLOG_NO, CATEGORY_NO, GROUP_NO, TITLE, CONTENT) VALUES (SEQ_POST_NO.NEXTVAL, 2, 10, 3, '제목30', '내용30');


INSERT INTO POST (POST_NO, BLOG_NO, CATEGORY_NO, GROUP_NO, TITLE, CONTENT) VALUES (SEQ_POST_NO.NEXTVAL, 3, 1, 1, '제목01', '내용01');
INSERT INTO POST (POST_NO, BLOG_NO, CATEGORY_NO, GROUP_NO, TITLE, CONTENT) VALUES (SEQ_POST_NO.NEXTVAL, 3, 1, 2, '제목02', '내용02');
INSERT INTO POST (POST_NO, BLOG_NO, CATEGORY_NO, GROUP_NO, TITLE, CONTENT) VALUES (SEQ_POST_NO.NEXTVAL, 3, 1, 3, '제목03', '내용03');
INSERT INTO POST (POST_NO, BLOG_NO, CATEGORY_NO, GROUP_NO, TITLE, CONTENT) VALUES (SEQ_POST_NO.NEXTVAL, 3, 2, 1, '제목04', '내용04');
INSERT INTO POST (POST_NO, BLOG_NO, CATEGORY_NO, GROUP_NO, TITLE, CONTENT) VALUES (SEQ_POST_NO.NEXTVAL, 3, 2, 2, '제목05', '내용05');
INSERT INTO POST (POST_NO, BLOG_NO, CATEGORY_NO, GROUP_NO, TITLE, CONTENT) VALUES (SEQ_POST_NO.NEXTVAL, 3, 2, 3, '제목06', '내용06');
INSERT INTO POST (POST_NO, BLOG_NO, CATEGORY_NO, GROUP_NO, TITLE, CONTENT) VALUES (SEQ_POST_NO.NEXTVAL, 3, 3, 1, '제목07', '내용07');
INSERT INTO POST (POST_NO, BLOG_NO, CATEGORY_NO, GROUP_NO, TITLE, CONTENT) VALUES (SEQ_POST_NO.NEXTVAL, 3, 3, 2, '제목08', '내용08');
INSERT INTO POST (POST_NO, BLOG_NO, CATEGORY_NO, GROUP_NO, TITLE, CONTENT) VALUES (SEQ_POST_NO.NEXTVAL, 3, 3, 3, '제목09', '내용09');
INSERT INTO POST (POST_NO, BLOG_NO, CATEGORY_NO, GROUP_NO, TITLE, CONTENT) VALUES (SEQ_POST_NO.NEXTVAL, 3, 4, 1, '제목10', '내용10');
INSERT INTO POST (POST_NO, BLOG_NO, CATEGORY_NO, GROUP_NO, TITLE, CONTENT) VALUES (SEQ_POST_NO.NEXTVAL, 3, 4, 2, '제목11', '내용11');
INSERT INTO POST (POST_NO, BLOG_NO, CATEGORY_NO, GROUP_NO, TITLE, CONTENT) VALUES (SEQ_POST_NO.NEXTVAL, 3, 4, 3, '제목12', '내용12');
INSERT INTO POST (POST_NO, BLOG_NO, CATEGORY_NO, GROUP_NO, TITLE, CONTENT) VALUES (SEQ_POST_NO.NEXTVAL, 3, 5, 1, '제목13', '내용13');
INSERT INTO POST (POST_NO, BLOG_NO, CATEGORY_NO, GROUP_NO, TITLE, CONTENT) VALUES (SEQ_POST_NO.NEXTVAL, 3, 5, 2, '제목14', '내용14');
INSERT INTO POST (POST_NO, BLOG_NO, CATEGORY_NO, GROUP_NO, TITLE, CONTENT) VALUES (SEQ_POST_NO.NEXTVAL, 3, 5, 3, '제목15', '내용15');
INSERT INTO POST (POST_NO, BLOG_NO, CATEGORY_NO, GROUP_NO, TITLE, CONTENT) VALUES (SEQ_POST_NO.NEXTVAL, 3, 6, 1, '제목16', '내용16');
INSERT INTO POST (POST_NO, BLOG_NO, CATEGORY_NO, GROUP_NO, TITLE, CONTENT) VALUES (SEQ_POST_NO.NEXTVAL, 3, 6, 2, '제목17', '내용17');
INSERT INTO POST (POST_NO, BLOG_NO, CATEGORY_NO, GROUP_NO, TITLE, CONTENT) VALUES (SEQ_POST_NO.NEXTVAL, 3, 6, 3, '제목18', '내용18');
INSERT INTO POST (POST_NO, BLOG_NO, CATEGORY_NO, GROUP_NO, TITLE, CONTENT) VALUES (SEQ_POST_NO.NEXTVAL, 3, 7, 1, '제목19', '내용19');
INSERT INTO POST (POST_NO, BLOG_NO, CATEGORY_NO, GROUP_NO, TITLE, CONTENT) VALUES (SEQ_POST_NO.NEXTVAL, 3, 7, 2, '제목20', '내용20');
INSERT INTO POST (POST_NO, BLOG_NO, CATEGORY_NO, GROUP_NO, TITLE, CONTENT) VALUES (SEQ_POST_NO.NEXTVAL, 3, 7, 3, '제목21', '내용21');
INSERT INTO POST (POST_NO, BLOG_NO, CATEGORY_NO, GROUP_NO, TITLE, CONTENT) VALUES (SEQ_POST_NO.NEXTVAL, 3, 8, 1, '제목22', '내용22');
INSERT INTO POST (POST_NO, BLOG_NO, CATEGORY_NO, GROUP_NO, TITLE, CONTENT) VALUES (SEQ_POST_NO.NEXTVAL, 3, 8, 2, '제목23', '내용23');
INSERT INTO POST (POST_NO, BLOG_NO, CATEGORY_NO, GROUP_NO, TITLE, CONTENT) VALUES (SEQ_POST_NO.NEXTVAL, 3, 8, 3, '제목24', '내용24');
INSERT INTO POST (POST_NO, BLOG_NO, CATEGORY_NO, GROUP_NO, TITLE, CONTENT) VALUES (SEQ_POST_NO.NEXTVAL, 3, 9, 1, '제목25', '내용25');
INSERT INTO POST (POST_NO, BLOG_NO, CATEGORY_NO, GROUP_NO, TITLE, CONTENT) VALUES (SEQ_POST_NO.NEXTVAL, 3, 9, 2, '제목26', '내용26');
INSERT INTO POST (POST_NO, BLOG_NO, CATEGORY_NO, GROUP_NO, TITLE, CONTENT) VALUES (SEQ_POST_NO.NEXTVAL, 3, 9, 3, '제목27', '내용27');
INSERT INTO POST (POST_NO, BLOG_NO, CATEGORY_NO, GROUP_NO, TITLE, CONTENT) VALUES (SEQ_POST_NO.NEXTVAL, 3, 10, 1, '제목28', '내용28');
INSERT INTO POST (POST_NO, BLOG_NO, CATEGORY_NO, GROUP_NO, TITLE, CONTENT) VALUES (SEQ_POST_NO.NEXTVAL, 3, 10, 2, '제목29', '내용29');
INSERT INTO POST (POST_NO, BLOG_NO, CATEGORY_NO, GROUP_NO, TITLE, CONTENT) VALUES (SEQ_POST_NO.NEXTVAL, 3, 10, 3, '제목30', '내용30');


INSERT INTO POST (POST_NO, BLOG_NO, CATEGORY_NO, GROUP_NO, TITLE, CONTENT) VALUES (SEQ_POST_NO.NEXTVAL, 4, 1, 1, '제목01', '내용01');
INSERT INTO POST (POST_NO, BLOG_NO, CATEGORY_NO, GROUP_NO, TITLE, CONTENT) VALUES (SEQ_POST_NO.NEXTVAL, 4, 1, 2, '제목02', '내용02');
INSERT INTO POST (POST_NO, BLOG_NO, CATEGORY_NO, GROUP_NO, TITLE, CONTENT) VALUES (SEQ_POST_NO.NEXTVAL, 4, 1, 3, '제목03', '내용03');
INSERT INTO POST (POST_NO, BLOG_NO, CATEGORY_NO, GROUP_NO, TITLE, CONTENT) VALUES (SEQ_POST_NO.NEXTVAL, 4, 2, 1, '제목04', '내용04');
INSERT INTO POST (POST_NO, BLOG_NO, CATEGORY_NO, GROUP_NO, TITLE, CONTENT) VALUES (SEQ_POST_NO.NEXTVAL, 4, 2, 2, '제목05', '내용05');
INSERT INTO POST (POST_NO, BLOG_NO, CATEGORY_NO, GROUP_NO, TITLE, CONTENT) VALUES (SEQ_POST_NO.NEXTVAL, 4, 2, 3, '제목06', '내용06');
INSERT INTO POST (POST_NO, BLOG_NO, CATEGORY_NO, GROUP_NO, TITLE, CONTENT) VALUES (SEQ_POST_NO.NEXTVAL, 4, 3, 1, '제목07', '내용07');
INSERT INTO POST (POST_NO, BLOG_NO, CATEGORY_NO, GROUP_NO, TITLE, CONTENT) VALUES (SEQ_POST_NO.NEXTVAL, 4, 3, 2, '제목08', '내용08');
INSERT INTO POST (POST_NO, BLOG_NO, CATEGORY_NO, GROUP_NO, TITLE, CONTENT) VALUES (SEQ_POST_NO.NEXTVAL, 4, 3, 3, '제목09', '내용09');
INSERT INTO POST (POST_NO, BLOG_NO, CATEGORY_NO, GROUP_NO, TITLE, CONTENT) VALUES (SEQ_POST_NO.NEXTVAL, 4, 4, 1, '제목10', '내용10');
INSERT INTO POST (POST_NO, BLOG_NO, CATEGORY_NO, GROUP_NO, TITLE, CONTENT) VALUES (SEQ_POST_NO.NEXTVAL, 4, 4, 2, '제목11', '내용11');
INSERT INTO POST (POST_NO, BLOG_NO, CATEGORY_NO, GROUP_NO, TITLE, CONTENT) VALUES (SEQ_POST_NO.NEXTVAL, 4, 4, 3, '제목12', '내용12');
INSERT INTO POST (POST_NO, BLOG_NO, CATEGORY_NO, GROUP_NO, TITLE, CONTENT) VALUES (SEQ_POST_NO.NEXTVAL, 4, 5, 1, '제목13', '내용13');
INSERT INTO POST (POST_NO, BLOG_NO, CATEGORY_NO, GROUP_NO, TITLE, CONTENT) VALUES (SEQ_POST_NO.NEXTVAL, 4, 5, 2, '제목14', '내용14');
INSERT INTO POST (POST_NO, BLOG_NO, CATEGORY_NO, GROUP_NO, TITLE, CONTENT) VALUES (SEQ_POST_NO.NEXTVAL, 4, 5, 3, '제목15', '내용15');
INSERT INTO POST (POST_NO, BLOG_NO, CATEGORY_NO, GROUP_NO, TITLE, CONTENT) VALUES (SEQ_POST_NO.NEXTVAL, 4, 6, 1, '제목16', '내용16');
INSERT INTO POST (POST_NO, BLOG_NO, CATEGORY_NO, GROUP_NO, TITLE, CONTENT) VALUES (SEQ_POST_NO.NEXTVAL, 4, 6, 2, '제목17', '내용17');
INSERT INTO POST (POST_NO, BLOG_NO, CATEGORY_NO, GROUP_NO, TITLE, CONTENT) VALUES (SEQ_POST_NO.NEXTVAL, 4, 6, 3, '제목18', '내용18');
INSERT INTO POST (POST_NO, BLOG_NO, CATEGORY_NO, GROUP_NO, TITLE, CONTENT) VALUES (SEQ_POST_NO.NEXTVAL, 4, 7, 1, '제목19', '내용19');
INSERT INTO POST (POST_NO, BLOG_NO, CATEGORY_NO, GROUP_NO, TITLE, CONTENT) VALUES (SEQ_POST_NO.NEXTVAL, 4, 7, 2, '제목20', '내용20');
INSERT INTO POST (POST_NO, BLOG_NO, CATEGORY_NO, GROUP_NO, TITLE, CONTENT) VALUES (SEQ_POST_NO.NEXTVAL, 4, 7, 3, '제목21', '내용21');
INSERT INTO POST (POST_NO, BLOG_NO, CATEGORY_NO, GROUP_NO, TITLE, CONTENT) VALUES (SEQ_POST_NO.NEXTVAL, 4, 8, 1, '제목22', '내용22');
INSERT INTO POST (POST_NO, BLOG_NO, CATEGORY_NO, GROUP_NO, TITLE, CONTENT) VALUES (SEQ_POST_NO.NEXTVAL, 4, 8, 2, '제목23', '내용23');
INSERT INTO POST (POST_NO, BLOG_NO, CATEGORY_NO, GROUP_NO, TITLE, CONTENT) VALUES (SEQ_POST_NO.NEXTVAL, 4, 8, 3, '제목24', '내용24');
INSERT INTO POST (POST_NO, BLOG_NO, CATEGORY_NO, GROUP_NO, TITLE, CONTENT) VALUES (SEQ_POST_NO.NEXTVAL, 4, 9, 1, '제목25', '내용25');
INSERT INTO POST (POST_NO, BLOG_NO, CATEGORY_NO, GROUP_NO, TITLE, CONTENT) VALUES (SEQ_POST_NO.NEXTVAL, 4, 9, 2, '제목26', '내용26');
INSERT INTO POST (POST_NO, BLOG_NO, CATEGORY_NO, GROUP_NO, TITLE, CONTENT) VALUES (SEQ_POST_NO.NEXTVAL, 4, 9, 3, '제목27', '내용27');
INSERT INTO POST (POST_NO, BLOG_NO, CATEGORY_NO, GROUP_NO, TITLE, CONTENT) VALUES (SEQ_POST_NO.NEXTVAL, 4, 10, 1, '제목28', '내용28');
INSERT INTO POST (POST_NO, BLOG_NO, CATEGORY_NO, GROUP_NO, TITLE, CONTENT) VALUES (SEQ_POST_NO.NEXTVAL, 4, 10, 2, '제목29', '내용29');
INSERT INTO POST (POST_NO, BLOG_NO, CATEGORY_NO, GROUP_NO, TITLE, CONTENT) VALUES (SEQ_POST_NO.NEXTVAL, 4, 10, 3, '제목30', '내용30');


INSERT INTO POST (POST_NO, BLOG_NO, CATEGORY_NO, GROUP_NO, TITLE, CONTENT) VALUES (SEQ_POST_NO.NEXTVAL, 5, 1, 1, '제목01', '내용01');
INSERT INTO POST (POST_NO, BLOG_NO, CATEGORY_NO, GROUP_NO, TITLE, CONTENT) VALUES (SEQ_POST_NO.NEXTVAL, 5, 1, 2, '제목02', '내용02');
INSERT INTO POST (POST_NO, BLOG_NO, CATEGORY_NO, GROUP_NO, TITLE, CONTENT) VALUES (SEQ_POST_NO.NEXTVAL, 5, 1, 3, '제목03', '내용03');
INSERT INTO POST (POST_NO, BLOG_NO, CATEGORY_NO, GROUP_NO, TITLE, CONTENT) VALUES (SEQ_POST_NO.NEXTVAL, 5, 2, 1, '제목04', '내용04');
INSERT INTO POST (POST_NO, BLOG_NO, CATEGORY_NO, GROUP_NO, TITLE, CONTENT) VALUES (SEQ_POST_NO.NEXTVAL, 5, 2, 2, '제목05', '내용05');
INSERT INTO POST (POST_NO, BLOG_NO, CATEGORY_NO, GROUP_NO, TITLE, CONTENT) VALUES (SEQ_POST_NO.NEXTVAL, 5, 2, 3, '제목06', '내용06');
INSERT INTO POST (POST_NO, BLOG_NO, CATEGORY_NO, GROUP_NO, TITLE, CONTENT) VALUES (SEQ_POST_NO.NEXTVAL, 5, 3, 1, '제목07', '내용07');
INSERT INTO POST (POST_NO, BLOG_NO, CATEGORY_NO, GROUP_NO, TITLE, CONTENT) VALUES (SEQ_POST_NO.NEXTVAL, 5, 3, 2, '제목08', '내용08');
INSERT INTO POST (POST_NO, BLOG_NO, CATEGORY_NO, GROUP_NO, TITLE, CONTENT) VALUES (SEQ_POST_NO.NEXTVAL, 5, 3, 3, '제목09', '내용09');
INSERT INTO POST (POST_NO, BLOG_NO, CATEGORY_NO, GROUP_NO, TITLE, CONTENT) VALUES (SEQ_POST_NO.NEXTVAL, 5, 4, 1, '제목10', '내용10');
INSERT INTO POST (POST_NO, BLOG_NO, CATEGORY_NO, GROUP_NO, TITLE, CONTENT) VALUES (SEQ_POST_NO.NEXTVAL, 5, 4, 2, '제목11', '내용11');
INSERT INTO POST (POST_NO, BLOG_NO, CATEGORY_NO, GROUP_NO, TITLE, CONTENT) VALUES (SEQ_POST_NO.NEXTVAL, 5, 4, 3, '제목12', '내용12');
INSERT INTO POST (POST_NO, BLOG_NO, CATEGORY_NO, GROUP_NO, TITLE, CONTENT) VALUES (SEQ_POST_NO.NEXTVAL, 5, 5, 1, '제목13', '내용13');
INSERT INTO POST (POST_NO, BLOG_NO, CATEGORY_NO, GROUP_NO, TITLE, CONTENT) VALUES (SEQ_POST_NO.NEXTVAL, 5, 5, 2, '제목14', '내용14');
INSERT INTO POST (POST_NO, BLOG_NO, CATEGORY_NO, GROUP_NO, TITLE, CONTENT) VALUES (SEQ_POST_NO.NEXTVAL, 5, 5, 3, '제목15', '내용15');
INSERT INTO POST (POST_NO, BLOG_NO, CATEGORY_NO, GROUP_NO, TITLE, CONTENT) VALUES (SEQ_POST_NO.NEXTVAL, 5, 6, 1, '제목16', '내용16');
INSERT INTO POST (POST_NO, BLOG_NO, CATEGORY_NO, GROUP_NO, TITLE, CONTENT) VALUES (SEQ_POST_NO.NEXTVAL, 5, 6, 2, '제목17', '내용17');
INSERT INTO POST (POST_NO, BLOG_NO, CATEGORY_NO, GROUP_NO, TITLE, CONTENT) VALUES (SEQ_POST_NO.NEXTVAL, 5, 6, 3, '제목18', '내용18');
INSERT INTO POST (POST_NO, BLOG_NO, CATEGORY_NO, GROUP_NO, TITLE, CONTENT) VALUES (SEQ_POST_NO.NEXTVAL, 5, 7, 1, '제목19', '내용19');
INSERT INTO POST (POST_NO, BLOG_NO, CATEGORY_NO, GROUP_NO, TITLE, CONTENT) VALUES (SEQ_POST_NO.NEXTVAL, 5, 7, 2, '제목20', '내용20');
INSERT INTO POST (POST_NO, BLOG_NO, CATEGORY_NO, GROUP_NO, TITLE, CONTENT) VALUES (SEQ_POST_NO.NEXTVAL, 5, 7, 3, '제목21', '내용21');
INSERT INTO POST (POST_NO, BLOG_NO, CATEGORY_NO, GROUP_NO, TITLE, CONTENT) VALUES (SEQ_POST_NO.NEXTVAL, 5, 8, 1, '제목22', '내용22');
INSERT INTO POST (POST_NO, BLOG_NO, CATEGORY_NO, GROUP_NO, TITLE, CONTENT) VALUES (SEQ_POST_NO.NEXTVAL, 5, 8, 2, '제목23', '내용23');
INSERT INTO POST (POST_NO, BLOG_NO, CATEGORY_NO, GROUP_NO, TITLE, CONTENT) VALUES (SEQ_POST_NO.NEXTVAL, 5, 8, 3, '제목24', '내용24');
INSERT INTO POST (POST_NO, BLOG_NO, CATEGORY_NO, GROUP_NO, TITLE, CONTENT) VALUES (SEQ_POST_NO.NEXTVAL, 5, 9, 1, '제목25', '내용25');
INSERT INTO POST (POST_NO, BLOG_NO, CATEGORY_NO, GROUP_NO, TITLE, CONTENT) VALUES (SEQ_POST_NO.NEXTVAL, 5, 9, 2, '제목26', '내용26');
INSERT INTO POST (POST_NO, BLOG_NO, CATEGORY_NO, GROUP_NO, TITLE, CONTENT) VALUES (SEQ_POST_NO.NEXTVAL, 5, 9, 3, '제목27', '내용27');
INSERT INTO POST (POST_NO, BLOG_NO, CATEGORY_NO, GROUP_NO, TITLE, CONTENT) VALUES (SEQ_POST_NO.NEXTVAL, 5, 10, 1, '제목28', '내용28');
INSERT INTO POST (POST_NO, BLOG_NO, CATEGORY_NO, GROUP_NO, TITLE, CONTENT) VALUES (SEQ_POST_NO.NEXTVAL, 5, 10, 2, '제목29', '내용29');
INSERT INTO POST (POST_NO, BLOG_NO, CATEGORY_NO, GROUP_NO, TITLE, CONTENT) VALUES (SEQ_POST_NO.NEXTVAL, 5, 10, 3, '제목30', '내용30');


INSERT INTO POST (POST_NO, BLOG_NO, CATEGORY_NO, GROUP_NO, TITLE, CONTENT) VALUES (SEQ_POST_NO.NEXTVAL, 6, 1, 1, '제목01', '내용01');
INSERT INTO POST (POST_NO, BLOG_NO, CATEGORY_NO, GROUP_NO, TITLE, CONTENT) VALUES (SEQ_POST_NO.NEXTVAL, 6, 1, 2, '제목02', '내용02');
INSERT INTO POST (POST_NO, BLOG_NO, CATEGORY_NO, GROUP_NO, TITLE, CONTENT) VALUES (SEQ_POST_NO.NEXTVAL, 6, 1, 3, '제목03', '내용03');
INSERT INTO POST (POST_NO, BLOG_NO, CATEGORY_NO, GROUP_NO, TITLE, CONTENT) VALUES (SEQ_POST_NO.NEXTVAL, 6, 2, 1, '제목04', '내용04');
INSERT INTO POST (POST_NO, BLOG_NO, CATEGORY_NO, GROUP_NO, TITLE, CONTENT) VALUES (SEQ_POST_NO.NEXTVAL, 6, 2, 2, '제목05', '내용05');
INSERT INTO POST (POST_NO, BLOG_NO, CATEGORY_NO, GROUP_NO, TITLE, CONTENT) VALUES (SEQ_POST_NO.NEXTVAL, 6, 2, 3, '제목06', '내용06');
INSERT INTO POST (POST_NO, BLOG_NO, CATEGORY_NO, GROUP_NO, TITLE, CONTENT) VALUES (SEQ_POST_NO.NEXTVAL, 6, 3, 1, '제목07', '내용07');
INSERT INTO POST (POST_NO, BLOG_NO, CATEGORY_NO, GROUP_NO, TITLE, CONTENT) VALUES (SEQ_POST_NO.NEXTVAL, 6, 3, 2, '제목08', '내용08');
INSERT INTO POST (POST_NO, BLOG_NO, CATEGORY_NO, GROUP_NO, TITLE, CONTENT) VALUES (SEQ_POST_NO.NEXTVAL, 6, 3, 3, '제목09', '내용09');
INSERT INTO POST (POST_NO, BLOG_NO, CATEGORY_NO, GROUP_NO, TITLE, CONTENT) VALUES (SEQ_POST_NO.NEXTVAL, 6, 4, 1, '제목10', '내용10');
INSERT INTO POST (POST_NO, BLOG_NO, CATEGORY_NO, GROUP_NO, TITLE, CONTENT) VALUES (SEQ_POST_NO.NEXTVAL, 6, 4, 2, '제목11', '내용11');
INSERT INTO POST (POST_NO, BLOG_NO, CATEGORY_NO, GROUP_NO, TITLE, CONTENT) VALUES (SEQ_POST_NO.NEXTVAL, 6, 4, 3, '제목12', '내용12');
INSERT INTO POST (POST_NO, BLOG_NO, CATEGORY_NO, GROUP_NO, TITLE, CONTENT) VALUES (SEQ_POST_NO.NEXTVAL, 6, 5, 1, '제목13', '내용13');
INSERT INTO POST (POST_NO, BLOG_NO, CATEGORY_NO, GROUP_NO, TITLE, CONTENT) VALUES (SEQ_POST_NO.NEXTVAL, 6, 5, 2, '제목14', '내용14');
INSERT INTO POST (POST_NO, BLOG_NO, CATEGORY_NO, GROUP_NO, TITLE, CONTENT) VALUES (SEQ_POST_NO.NEXTVAL, 6, 5, 3, '제목15', '내용15');
INSERT INTO POST (POST_NO, BLOG_NO, CATEGORY_NO, GROUP_NO, TITLE, CONTENT) VALUES (SEQ_POST_NO.NEXTVAL, 6, 6, 1, '제목16', '내용16');
INSERT INTO POST (POST_NO, BLOG_NO, CATEGORY_NO, GROUP_NO, TITLE, CONTENT) VALUES (SEQ_POST_NO.NEXTVAL, 6, 6, 2, '제목17', '내용17');
INSERT INTO POST (POST_NO, BLOG_NO, CATEGORY_NO, GROUP_NO, TITLE, CONTENT) VALUES (SEQ_POST_NO.NEXTVAL, 6, 6, 3, '제목18', '내용18');
INSERT INTO POST (POST_NO, BLOG_NO, CATEGORY_NO, GROUP_NO, TITLE, CONTENT) VALUES (SEQ_POST_NO.NEXTVAL, 6, 7, 1, '제목19', '내용19');
INSERT INTO POST (POST_NO, BLOG_NO, CATEGORY_NO, GROUP_NO, TITLE, CONTENT) VALUES (SEQ_POST_NO.NEXTVAL, 6, 7, 2, '제목20', '내용20');
INSERT INTO POST (POST_NO, BLOG_NO, CATEGORY_NO, GROUP_NO, TITLE, CONTENT) VALUES (SEQ_POST_NO.NEXTVAL, 6, 7, 3, '제목21', '내용21');
INSERT INTO POST (POST_NO, BLOG_NO, CATEGORY_NO, GROUP_NO, TITLE, CONTENT) VALUES (SEQ_POST_NO.NEXTVAL, 6, 8, 1, '제목22', '내용22');
INSERT INTO POST (POST_NO, BLOG_NO, CATEGORY_NO, GROUP_NO, TITLE, CONTENT) VALUES (SEQ_POST_NO.NEXTVAL, 6, 8, 2, '제목23', '내용23');
INSERT INTO POST (POST_NO, BLOG_NO, CATEGORY_NO, GROUP_NO, TITLE, CONTENT) VALUES (SEQ_POST_NO.NEXTVAL, 6, 8, 3, '제목24', '내용24');
INSERT INTO POST (POST_NO, BLOG_NO, CATEGORY_NO, GROUP_NO, TITLE, CONTENT) VALUES (SEQ_POST_NO.NEXTVAL, 6, 9, 1, '제목25', '내용25');
INSERT INTO POST (POST_NO, BLOG_NO, CATEGORY_NO, GROUP_NO, TITLE, CONTENT) VALUES (SEQ_POST_NO.NEXTVAL, 6, 9, 2, '제목26', '내용26');
INSERT INTO POST (POST_NO, BLOG_NO, CATEGORY_NO, GROUP_NO, TITLE, CONTENT) VALUES (SEQ_POST_NO.NEXTVAL, 6, 9, 3, '제목27', '내용27');
INSERT INTO POST (POST_NO, BLOG_NO, CATEGORY_NO, GROUP_NO, TITLE, CONTENT) VALUES (SEQ_POST_NO.NEXTVAL, 6, 10, 1, '제목28', '내용28');
INSERT INTO POST (POST_NO, BLOG_NO, CATEGORY_NO, GROUP_NO, TITLE, CONTENT) VALUES (SEQ_POST_NO.NEXTVAL, 6, 10, 2, '제목29', '내용29');
INSERT INTO POST (POST_NO, BLOG_NO, CATEGORY_NO, GROUP_NO, TITLE, CONTENT) VALUES (SEQ_POST_NO.NEXTVAL, 6, 10, 3, '제목30', '내용30');


INSERT INTO POST (POST_NO, BLOG_NO, CATEGORY_NO, GROUP_NO, TITLE, CONTENT) VALUES (SEQ_POST_NO.NEXTVAL, 7, 1, 1, '제목01', '내용01');
INSERT INTO POST (POST_NO, BLOG_NO, CATEGORY_NO, GROUP_NO, TITLE, CONTENT) VALUES (SEQ_POST_NO.NEXTVAL, 7, 1, 2, '제목02', '내용02');
INSERT INTO POST (POST_NO, BLOG_NO, CATEGORY_NO, GROUP_NO, TITLE, CONTENT) VALUES (SEQ_POST_NO.NEXTVAL, 7, 1, 3, '제목03', '내용03');
INSERT INTO POST (POST_NO, BLOG_NO, CATEGORY_NO, GROUP_NO, TITLE, CONTENT) VALUES (SEQ_POST_NO.NEXTVAL, 7, 2, 1, '제목04', '내용04');
INSERT INTO POST (POST_NO, BLOG_NO, CATEGORY_NO, GROUP_NO, TITLE, CONTENT) VALUES (SEQ_POST_NO.NEXTVAL, 7, 2, 2, '제목05', '내용05');
INSERT INTO POST (POST_NO, BLOG_NO, CATEGORY_NO, GROUP_NO, TITLE, CONTENT) VALUES (SEQ_POST_NO.NEXTVAL, 7, 2, 3, '제목06', '내용06');
INSERT INTO POST (POST_NO, BLOG_NO, CATEGORY_NO, GROUP_NO, TITLE, CONTENT) VALUES (SEQ_POST_NO.NEXTVAL, 7, 3, 1, '제목07', '내용07');
INSERT INTO POST (POST_NO, BLOG_NO, CATEGORY_NO, GROUP_NO, TITLE, CONTENT) VALUES (SEQ_POST_NO.NEXTVAL, 7, 3, 2, '제목08', '내용08');
INSERT INTO POST (POST_NO, BLOG_NO, CATEGORY_NO, GROUP_NO, TITLE, CONTENT) VALUES (SEQ_POST_NO.NEXTVAL, 7, 3, 3, '제목09', '내용09');
INSERT INTO POST (POST_NO, BLOG_NO, CATEGORY_NO, GROUP_NO, TITLE, CONTENT) VALUES (SEQ_POST_NO.NEXTVAL, 7, 4, 1, '제목10', '내용10');
INSERT INTO POST (POST_NO, BLOG_NO, CATEGORY_NO, GROUP_NO, TITLE, CONTENT) VALUES (SEQ_POST_NO.NEXTVAL, 7, 4, 2, '제목11', '내용11');
INSERT INTO POST (POST_NO, BLOG_NO, CATEGORY_NO, GROUP_NO, TITLE, CONTENT) VALUES (SEQ_POST_NO.NEXTVAL, 7, 4, 3, '제목12', '내용12');
INSERT INTO POST (POST_NO, BLOG_NO, CATEGORY_NO, GROUP_NO, TITLE, CONTENT) VALUES (SEQ_POST_NO.NEXTVAL, 7, 5, 1, '제목13', '내용13');
INSERT INTO POST (POST_NO, BLOG_NO, CATEGORY_NO, GROUP_NO, TITLE, CONTENT) VALUES (SEQ_POST_NO.NEXTVAL, 7, 5, 2, '제목14', '내용14');
INSERT INTO POST (POST_NO, BLOG_NO, CATEGORY_NO, GROUP_NO, TITLE, CONTENT) VALUES (SEQ_POST_NO.NEXTVAL, 7, 5, 3, '제목15', '내용15');
INSERT INTO POST (POST_NO, BLOG_NO, CATEGORY_NO, GROUP_NO, TITLE, CONTENT) VALUES (SEQ_POST_NO.NEXTVAL, 7, 6, 1, '제목16', '내용16');
INSERT INTO POST (POST_NO, BLOG_NO, CATEGORY_NO, GROUP_NO, TITLE, CONTENT) VALUES (SEQ_POST_NO.NEXTVAL, 7, 6, 2, '제목17', '내용17');
INSERT INTO POST (POST_NO, BLOG_NO, CATEGORY_NO, GROUP_NO, TITLE, CONTENT) VALUES (SEQ_POST_NO.NEXTVAL, 7, 6, 3, '제목18', '내용18');
INSERT INTO POST (POST_NO, BLOG_NO, CATEGORY_NO, GROUP_NO, TITLE, CONTENT) VALUES (SEQ_POST_NO.NEXTVAL, 7, 7, 1, '제목19', '내용19');
INSERT INTO POST (POST_NO, BLOG_NO, CATEGORY_NO, GROUP_NO, TITLE, CONTENT) VALUES (SEQ_POST_NO.NEXTVAL, 7, 7, 2, '제목20', '내용20');
INSERT INTO POST (POST_NO, BLOG_NO, CATEGORY_NO, GROUP_NO, TITLE, CONTENT) VALUES (SEQ_POST_NO.NEXTVAL, 7, 7, 3, '제목21', '내용21');
INSERT INTO POST (POST_NO, BLOG_NO, CATEGORY_NO, GROUP_NO, TITLE, CONTENT) VALUES (SEQ_POST_NO.NEXTVAL, 7, 8, 1, '제목22', '내용22');
INSERT INTO POST (POST_NO, BLOG_NO, CATEGORY_NO, GROUP_NO, TITLE, CONTENT) VALUES (SEQ_POST_NO.NEXTVAL, 7, 8, 2, '제목23', '내용23');
INSERT INTO POST (POST_NO, BLOG_NO, CATEGORY_NO, GROUP_NO, TITLE, CONTENT) VALUES (SEQ_POST_NO.NEXTVAL, 7, 8, 3, '제목24', '내용24');
INSERT INTO POST (POST_NO, BLOG_NO, CATEGORY_NO, GROUP_NO, TITLE, CONTENT) VALUES (SEQ_POST_NO.NEXTVAL, 7, 9, 1, '제목25', '내용25');
INSERT INTO POST (POST_NO, BLOG_NO, CATEGORY_NO, GROUP_NO, TITLE, CONTENT) VALUES (SEQ_POST_NO.NEXTVAL, 7, 9, 2, '제목26', '내용26');
INSERT INTO POST (POST_NO, BLOG_NO, CATEGORY_NO, GROUP_NO, TITLE, CONTENT) VALUES (SEQ_POST_NO.NEXTVAL, 7, 9, 3, '제목27', '내용27');
INSERT INTO POST (POST_NO, BLOG_NO, CATEGORY_NO, GROUP_NO, TITLE, CONTENT) VALUES (SEQ_POST_NO.NEXTVAL, 7, 10, 1, '제목28', '내용28');
INSERT INTO POST (POST_NO, BLOG_NO, CATEGORY_NO, GROUP_NO, TITLE, CONTENT) VALUES (SEQ_POST_NO.NEXTVAL, 7, 10, 2, '제목29', '내용29');
INSERT INTO POST (POST_NO, BLOG_NO, CATEGORY_NO, GROUP_NO, TITLE, CONTENT) VALUES (SEQ_POST_NO.NEXTVAL, 7, 10, 3, '제목30', '내용30');


INSERT INTO POST (POST_NO, BLOG_NO, CATEGORY_NO, GROUP_NO, TITLE, CONTENT) VALUES (SEQ_POST_NO.NEXTVAL, 8, 1, 1, '제목01', '내용01');
INSERT INTO POST (POST_NO, BLOG_NO, CATEGORY_NO, GROUP_NO, TITLE, CONTENT) VALUES (SEQ_POST_NO.NEXTVAL, 8, 1, 2, '제목02', '내용02');
INSERT INTO POST (POST_NO, BLOG_NO, CATEGORY_NO, GROUP_NO, TITLE, CONTENT) VALUES (SEQ_POST_NO.NEXTVAL, 8, 1, 3, '제목03', '내용03');
INSERT INTO POST (POST_NO, BLOG_NO, CATEGORY_NO, GROUP_NO, TITLE, CONTENT) VALUES (SEQ_POST_NO.NEXTVAL, 8, 2, 1, '제목04', '내용04');
INSERT INTO POST (POST_NO, BLOG_NO, CATEGORY_NO, GROUP_NO, TITLE, CONTENT) VALUES (SEQ_POST_NO.NEXTVAL, 8, 2, 2, '제목05', '내용05');
INSERT INTO POST (POST_NO, BLOG_NO, CATEGORY_NO, GROUP_NO, TITLE, CONTENT) VALUES (SEQ_POST_NO.NEXTVAL, 8, 2, 3, '제목06', '내용06');
INSERT INTO POST (POST_NO, BLOG_NO, CATEGORY_NO, GROUP_NO, TITLE, CONTENT) VALUES (SEQ_POST_NO.NEXTVAL, 8, 3, 1, '제목07', '내용07');
INSERT INTO POST (POST_NO, BLOG_NO, CATEGORY_NO, GROUP_NO, TITLE, CONTENT) VALUES (SEQ_POST_NO.NEXTVAL, 8, 3, 2, '제목08', '내용08');
INSERT INTO POST (POST_NO, BLOG_NO, CATEGORY_NO, GROUP_NO, TITLE, CONTENT) VALUES (SEQ_POST_NO.NEXTVAL, 8, 3, 3, '제목09', '내용09');
INSERT INTO POST (POST_NO, BLOG_NO, CATEGORY_NO, GROUP_NO, TITLE, CONTENT) VALUES (SEQ_POST_NO.NEXTVAL, 8, 4, 1, '제목10', '내용10');
INSERT INTO POST (POST_NO, BLOG_NO, CATEGORY_NO, GROUP_NO, TITLE, CONTENT) VALUES (SEQ_POST_NO.NEXTVAL, 8, 4, 2, '제목11', '내용11');
INSERT INTO POST (POST_NO, BLOG_NO, CATEGORY_NO, GROUP_NO, TITLE, CONTENT) VALUES (SEQ_POST_NO.NEXTVAL, 8, 4, 3, '제목12', '내용12');
INSERT INTO POST (POST_NO, BLOG_NO, CATEGORY_NO, GROUP_NO, TITLE, CONTENT) VALUES (SEQ_POST_NO.NEXTVAL, 8, 5, 1, '제목13', '내용13');
INSERT INTO POST (POST_NO, BLOG_NO, CATEGORY_NO, GROUP_NO, TITLE, CONTENT) VALUES (SEQ_POST_NO.NEXTVAL, 8, 5, 2, '제목14', '내용14');
INSERT INTO POST (POST_NO, BLOG_NO, CATEGORY_NO, GROUP_NO, TITLE, CONTENT) VALUES (SEQ_POST_NO.NEXTVAL, 8, 5, 3, '제목15', '내용15');
INSERT INTO POST (POST_NO, BLOG_NO, CATEGORY_NO, GROUP_NO, TITLE, CONTENT) VALUES (SEQ_POST_NO.NEXTVAL, 8, 6, 1, '제목16', '내용16');
INSERT INTO POST (POST_NO, BLOG_NO, CATEGORY_NO, GROUP_NO, TITLE, CONTENT) VALUES (SEQ_POST_NO.NEXTVAL, 8, 6, 2, '제목17', '내용17');
INSERT INTO POST (POST_NO, BLOG_NO, CATEGORY_NO, GROUP_NO, TITLE, CONTENT) VALUES (SEQ_POST_NO.NEXTVAL, 8, 6, 3, '제목18', '내용18');
INSERT INTO POST (POST_NO, BLOG_NO, CATEGORY_NO, GROUP_NO, TITLE, CONTENT) VALUES (SEQ_POST_NO.NEXTVAL, 8, 7, 1, '제목19', '내용19');
INSERT INTO POST (POST_NO, BLOG_NO, CATEGORY_NO, GROUP_NO, TITLE, CONTENT) VALUES (SEQ_POST_NO.NEXTVAL, 8, 7, 2, '제목20', '내용20');
INSERT INTO POST (POST_NO, BLOG_NO, CATEGORY_NO, GROUP_NO, TITLE, CONTENT) VALUES (SEQ_POST_NO.NEXTVAL, 8, 7, 3, '제목21', '내용21');
INSERT INTO POST (POST_NO, BLOG_NO, CATEGORY_NO, GROUP_NO, TITLE, CONTENT) VALUES (SEQ_POST_NO.NEXTVAL, 8, 8, 1, '제목22', '내용22');
INSERT INTO POST (POST_NO, BLOG_NO, CATEGORY_NO, GROUP_NO, TITLE, CONTENT) VALUES (SEQ_POST_NO.NEXTVAL, 8, 8, 2, '제목23', '내용23');
INSERT INTO POST (POST_NO, BLOG_NO, CATEGORY_NO, GROUP_NO, TITLE, CONTENT) VALUES (SEQ_POST_NO.NEXTVAL, 8, 8, 3, '제목24', '내용24');
INSERT INTO POST (POST_NO, BLOG_NO, CATEGORY_NO, GROUP_NO, TITLE, CONTENT) VALUES (SEQ_POST_NO.NEXTVAL, 8, 9, 1, '제목25', '내용25');
INSERT INTO POST (POST_NO, BLOG_NO, CATEGORY_NO, GROUP_NO, TITLE, CONTENT) VALUES (SEQ_POST_NO.NEXTVAL, 8, 9, 2, '제목26', '내용26');
INSERT INTO POST (POST_NO, BLOG_NO, CATEGORY_NO, GROUP_NO, TITLE, CONTENT) VALUES (SEQ_POST_NO.NEXTVAL, 8, 9, 3, '제목27', '내용27');
INSERT INTO POST (POST_NO, BLOG_NO, CATEGORY_NO, GROUP_NO, TITLE, CONTENT) VALUES (SEQ_POST_NO.NEXTVAL, 8, 10, 1, '제목28', '내용28');
INSERT INTO POST (POST_NO, BLOG_NO, CATEGORY_NO, GROUP_NO, TITLE, CONTENT) VALUES (SEQ_POST_NO.NEXTVAL, 8, 10, 2, '제목29', '내용29');
INSERT INTO POST (POST_NO, BLOG_NO, CATEGORY_NO, GROUP_NO, TITLE, CONTENT) VALUES (SEQ_POST_NO.NEXTVAL, 8, 10, 3, '제목30', '내용30');


INSERT INTO POST (POST_NO, BLOG_NO, CATEGORY_NO, GROUP_NO, TITLE, CONTENT) VALUES (SEQ_POST_NO.NEXTVAL, 9, 1, 1, '제목01', '내용01');
INSERT INTO POST (POST_NO, BLOG_NO, CATEGORY_NO, GROUP_NO, TITLE, CONTENT) VALUES (SEQ_POST_NO.NEXTVAL, 9, 1, 2, '제목02', '내용02');
INSERT INTO POST (POST_NO, BLOG_NO, CATEGORY_NO, GROUP_NO, TITLE, CONTENT) VALUES (SEQ_POST_NO.NEXTVAL, 9, 1, 3, '제목03', '내용03');
INSERT INTO POST (POST_NO, BLOG_NO, CATEGORY_NO, GROUP_NO, TITLE, CONTENT) VALUES (SEQ_POST_NO.NEXTVAL, 9, 2, 1, '제목04', '내용04');
INSERT INTO POST (POST_NO, BLOG_NO, CATEGORY_NO, GROUP_NO, TITLE, CONTENT) VALUES (SEQ_POST_NO.NEXTVAL, 9, 2, 2, '제목05', '내용05');
INSERT INTO POST (POST_NO, BLOG_NO, CATEGORY_NO, GROUP_NO, TITLE, CONTENT) VALUES (SEQ_POST_NO.NEXTVAL, 9, 2, 3, '제목06', '내용06');
INSERT INTO POST (POST_NO, BLOG_NO, CATEGORY_NO, GROUP_NO, TITLE, CONTENT) VALUES (SEQ_POST_NO.NEXTVAL, 9, 3, 1, '제목07', '내용07');
INSERT INTO POST (POST_NO, BLOG_NO, CATEGORY_NO, GROUP_NO, TITLE, CONTENT) VALUES (SEQ_POST_NO.NEXTVAL, 9, 3, 2, '제목08', '내용08');
INSERT INTO POST (POST_NO, BLOG_NO, CATEGORY_NO, GROUP_NO, TITLE, CONTENT) VALUES (SEQ_POST_NO.NEXTVAL, 9, 3, 3, '제목09', '내용09');
INSERT INTO POST (POST_NO, BLOG_NO, CATEGORY_NO, GROUP_NO, TITLE, CONTENT) VALUES (SEQ_POST_NO.NEXTVAL, 9, 4, 1, '제목10', '내용10');
INSERT INTO POST (POST_NO, BLOG_NO, CATEGORY_NO, GROUP_NO, TITLE, CONTENT) VALUES (SEQ_POST_NO.NEXTVAL, 9, 4, 2, '제목11', '내용11');
INSERT INTO POST (POST_NO, BLOG_NO, CATEGORY_NO, GROUP_NO, TITLE, CONTENT) VALUES (SEQ_POST_NO.NEXTVAL, 9, 4, 3, '제목12', '내용12');
INSERT INTO POST (POST_NO, BLOG_NO, CATEGORY_NO, GROUP_NO, TITLE, CONTENT) VALUES (SEQ_POST_NO.NEXTVAL, 9, 5, 1, '제목13', '내용13');
INSERT INTO POST (POST_NO, BLOG_NO, CATEGORY_NO, GROUP_NO, TITLE, CONTENT) VALUES (SEQ_POST_NO.NEXTVAL, 9, 5, 2, '제목14', '내용14');
INSERT INTO POST (POST_NO, BLOG_NO, CATEGORY_NO, GROUP_NO, TITLE, CONTENT) VALUES (SEQ_POST_NO.NEXTVAL, 9, 5, 3, '제목15', '내용15');
INSERT INTO POST (POST_NO, BLOG_NO, CATEGORY_NO, GROUP_NO, TITLE, CONTENT) VALUES (SEQ_POST_NO.NEXTVAL, 9, 6, 1, '제목16', '내용16');
INSERT INTO POST (POST_NO, BLOG_NO, CATEGORY_NO, GROUP_NO, TITLE, CONTENT) VALUES (SEQ_POST_NO.NEXTVAL, 9, 6, 2, '제목17', '내용17');
INSERT INTO POST (POST_NO, BLOG_NO, CATEGORY_NO, GROUP_NO, TITLE, CONTENT) VALUES (SEQ_POST_NO.NEXTVAL, 9, 6, 3, '제목18', '내용18');
INSERT INTO POST (POST_NO, BLOG_NO, CATEGORY_NO, GROUP_NO, TITLE, CONTENT) VALUES (SEQ_POST_NO.NEXTVAL, 9, 7, 1, '제목19', '내용19');
INSERT INTO POST (POST_NO, BLOG_NO, CATEGORY_NO, GROUP_NO, TITLE, CONTENT) VALUES (SEQ_POST_NO.NEXTVAL, 9, 7, 2, '제목20', '내용20');
INSERT INTO POST (POST_NO, BLOG_NO, CATEGORY_NO, GROUP_NO, TITLE, CONTENT) VALUES (SEQ_POST_NO.NEXTVAL, 9, 7, 3, '제목21', '내용21');
INSERT INTO POST (POST_NO, BLOG_NO, CATEGORY_NO, GROUP_NO, TITLE, CONTENT) VALUES (SEQ_POST_NO.NEXTVAL, 9, 8, 1, '제목22', '내용22');
INSERT INTO POST (POST_NO, BLOG_NO, CATEGORY_NO, GROUP_NO, TITLE, CONTENT) VALUES (SEQ_POST_NO.NEXTVAL, 9, 8, 2, '제목23', '내용23');
INSERT INTO POST (POST_NO, BLOG_NO, CATEGORY_NO, GROUP_NO, TITLE, CONTENT) VALUES (SEQ_POST_NO.NEXTVAL, 9, 8, 3, '제목24', '내용24');
INSERT INTO POST (POST_NO, BLOG_NO, CATEGORY_NO, GROUP_NO, TITLE, CONTENT) VALUES (SEQ_POST_NO.NEXTVAL, 9, 9, 1, '제목25', '내용25');
INSERT INTO POST (POST_NO, BLOG_NO, CATEGORY_NO, GROUP_NO, TITLE, CONTENT) VALUES (SEQ_POST_NO.NEXTVAL, 9, 9, 2, '제목26', '내용26');
INSERT INTO POST (POST_NO, BLOG_NO, CATEGORY_NO, GROUP_NO, TITLE, CONTENT) VALUES (SEQ_POST_NO.NEXTVAL, 9, 9, 3, '제목27', '내용27');
INSERT INTO POST (POST_NO, BLOG_NO, CATEGORY_NO, GROUP_NO, TITLE, CONTENT) VALUES (SEQ_POST_NO.NEXTVAL, 9, 10, 1, '제목28', '내용28');
INSERT INTO POST (POST_NO, BLOG_NO, CATEGORY_NO, GROUP_NO, TITLE, CONTENT) VALUES (SEQ_POST_NO.NEXTVAL, 9, 10, 2, '제목29', '내용29');
INSERT INTO POST (POST_NO, BLOG_NO, CATEGORY_NO, GROUP_NO, TITLE, CONTENT) VALUES (SEQ_POST_NO.NEXTVAL, 9, 10, 3, '제목30', '내용30');


INSERT INTO POST (POST_NO, BLOG_NO, CATEGORY_NO, GROUP_NO, TITLE, CONTENT) VALUES (SEQ_POST_NO.NEXTVAL, 10, 1, 1, '제목01', '내용01');
INSERT INTO POST (POST_NO, BLOG_NO, CATEGORY_NO, GROUP_NO, TITLE, CONTENT) VALUES (SEQ_POST_NO.NEXTVAL, 10, 1, 2, '제목02', '내용02');
INSERT INTO POST (POST_NO, BLOG_NO, CATEGORY_NO, GROUP_NO, TITLE, CONTENT) VALUES (SEQ_POST_NO.NEXTVAL, 10, 1, 3, '제목03', '내용03');
INSERT INTO POST (POST_NO, BLOG_NO, CATEGORY_NO, GROUP_NO, TITLE, CONTENT) VALUES (SEQ_POST_NO.NEXTVAL, 10, 2, 1, '제목04', '내용04');
INSERT INTO POST (POST_NO, BLOG_NO, CATEGORY_NO, GROUP_NO, TITLE, CONTENT) VALUES (SEQ_POST_NO.NEXTVAL, 10, 2, 2, '제목05', '내용05');
INSERT INTO POST (POST_NO, BLOG_NO, CATEGORY_NO, GROUP_NO, TITLE, CONTENT) VALUES (SEQ_POST_NO.NEXTVAL, 10, 2, 3, '제목06', '내용06');
INSERT INTO POST (POST_NO, BLOG_NO, CATEGORY_NO, GROUP_NO, TITLE, CONTENT) VALUES (SEQ_POST_NO.NEXTVAL, 10, 3, 1, '제목07', '내용07');
INSERT INTO POST (POST_NO, BLOG_NO, CATEGORY_NO, GROUP_NO, TITLE, CONTENT) VALUES (SEQ_POST_NO.NEXTVAL, 10, 3, 2, '제목08', '내용08');
INSERT INTO POST (POST_NO, BLOG_NO, CATEGORY_NO, GROUP_NO, TITLE, CONTENT) VALUES (SEQ_POST_NO.NEXTVAL, 10, 3, 3, '제목09', '내용09');
INSERT INTO POST (POST_NO, BLOG_NO, CATEGORY_NO, GROUP_NO, TITLE, CONTENT) VALUES (SEQ_POST_NO.NEXTVAL, 10, 4, 1, '제목10', '내용10');
INSERT INTO POST (POST_NO, BLOG_NO, CATEGORY_NO, GROUP_NO, TITLE, CONTENT) VALUES (SEQ_POST_NO.NEXTVAL, 10, 4, 2, '제목11', '내용11');
INSERT INTO POST (POST_NO, BLOG_NO, CATEGORY_NO, GROUP_NO, TITLE, CONTENT) VALUES (SEQ_POST_NO.NEXTVAL, 10, 4, 3, '제목12', '내용12');
INSERT INTO POST (POST_NO, BLOG_NO, CATEGORY_NO, GROUP_NO, TITLE, CONTENT) VALUES (SEQ_POST_NO.NEXTVAL, 10, 5, 1, '제목13', '내용13');
INSERT INTO POST (POST_NO, BLOG_NO, CATEGORY_NO, GROUP_NO, TITLE, CONTENT) VALUES (SEQ_POST_NO.NEXTVAL, 10, 5, 2, '제목14', '내용14');
INSERT INTO POST (POST_NO, BLOG_NO, CATEGORY_NO, GROUP_NO, TITLE, CONTENT) VALUES (SEQ_POST_NO.NEXTVAL, 10, 5, 3, '제목15', '내용15');
INSERT INTO POST (POST_NO, BLOG_NO, CATEGORY_NO, GROUP_NO, TITLE, CONTENT) VALUES (SEQ_POST_NO.NEXTVAL, 10, 6, 1, '제목16', '내용16');
INSERT INTO POST (POST_NO, BLOG_NO, CATEGORY_NO, GROUP_NO, TITLE, CONTENT) VALUES (SEQ_POST_NO.NEXTVAL, 10, 6, 2, '제목17', '내용17');
INSERT INTO POST (POST_NO, BLOG_NO, CATEGORY_NO, GROUP_NO, TITLE, CONTENT) VALUES (SEQ_POST_NO.NEXTVAL, 10, 6, 3, '제목18', '내용18');
INSERT INTO POST (POST_NO, BLOG_NO, CATEGORY_NO, GROUP_NO, TITLE, CONTENT) VALUES (SEQ_POST_NO.NEXTVAL, 10, 7, 1, '제목19', '내용19');
INSERT INTO POST (POST_NO, BLOG_NO, CATEGORY_NO, GROUP_NO, TITLE, CONTENT) VALUES (SEQ_POST_NO.NEXTVAL, 10, 7, 2, '제목20', '내용20');
INSERT INTO POST (POST_NO, BLOG_NO, CATEGORY_NO, GROUP_NO, TITLE, CONTENT) VALUES (SEQ_POST_NO.NEXTVAL, 10, 7, 3, '제목21', '내용21');
INSERT INTO POST (POST_NO, BLOG_NO, CATEGORY_NO, GROUP_NO, TITLE, CONTENT) VALUES (SEQ_POST_NO.NEXTVAL, 10, 8, 1, '제목22', '내용22');
INSERT INTO POST (POST_NO, BLOG_NO, CATEGORY_NO, GROUP_NO, TITLE, CONTENT) VALUES (SEQ_POST_NO.NEXTVAL, 10, 8, 2, '제목23', '내용23');
INSERT INTO POST (POST_NO, BLOG_NO, CATEGORY_NO, GROUP_NO, TITLE, CONTENT) VALUES (SEQ_POST_NO.NEXTVAL, 10, 8, 3, '제목24', '내용24');
INSERT INTO POST (POST_NO, BLOG_NO, CATEGORY_NO, GROUP_NO, TITLE, CONTENT) VALUES (SEQ_POST_NO.NEXTVAL, 10, 9, 1, '제목25', '내용25');
INSERT INTO POST (POST_NO, BLOG_NO, CATEGORY_NO, GROUP_NO, TITLE, CONTENT) VALUES (SEQ_POST_NO.NEXTVAL, 10, 9, 2, '제목26', '내용26');
INSERT INTO POST (POST_NO, BLOG_NO, CATEGORY_NO, GROUP_NO, TITLE, CONTENT) VALUES (SEQ_POST_NO.NEXTVAL, 10, 9, 3, '제목27', '내용27');
INSERT INTO POST (POST_NO, BLOG_NO, CATEGORY_NO, GROUP_NO, TITLE, CONTENT) VALUES (SEQ_POST_NO.NEXTVAL, 10, 10, 1, '제목28', '내용28');
INSERT INTO POST (POST_NO, BLOG_NO, CATEGORY_NO, GROUP_NO, TITLE, CONTENT) VALUES (SEQ_POST_NO.NEXTVAL, 10, 10, 2, '제목29', '내용29');
INSERT INTO POST (POST_NO, BLOG_NO, CATEGORY_NO, GROUP_NO, TITLE, CONTENT) VALUES (SEQ_POST_NO.NEXTVAL, 10, 10, 3, '제목30', '내용30');
COMMIT;

-- HEART(공감)
INSERT INTO HEART (POST_NO, MEM_NO) VALUES(1, 1);
INSERT INTO HEART (POST_NO, MEM_NO) VALUES(2, 2);
INSERT INTO HEART (POST_NO, MEM_NO) VALUES(3, 3);
INSERT INTO HEART (POST_NO, MEM_NO) VALUES(4, 4);
INSERT INTO HEART (POST_NO, MEM_NO) VALUES(5, 5);
INSERT INTO HEART (POST_NO, MEM_NO) VALUES(6, 6);
INSERT INTO HEART (POST_NO, MEM_NO) VALUES(7, 7);
INSERT INTO HEART (POST_NO, MEM_NO) VALUES(8, 8);
INSERT INTO HEART (POST_NO, MEM_NO) VALUES(9, 9);
INSERT INTO HEART (POST_NO, MEM_NO) VALUES(10, 10);
COMMIT;

--ALARM(알람)
INSERT INTO ALARM (ALARM_NO, RECEIVER_NO, POST_NO, SENDER_NO, ALARM_TYPE, ALARM_DATE, ACTIVE_YN) VALUES(SEQ_ALARM.NEXTVAL, 2, 1, 1, 'POST', TIMESTAMP '2023-11-29 14:01:00', 'N');
INSERT INTO ALARM (ALARM_NO, RECEIVER_NO, POST_NO, SENDER_NO, ALARM_TYPE, ALARM_DATE, ACTIVE_YN) VALUES(SEQ_ALARM.NEXTVAL, 1, 2, 2, 'POST', TIMESTAMP '2023-11-29 14:02:00', 'N');
INSERT INTO ALARM (ALARM_NO, RECEIVER_NO, POST_NO, SENDER_NO, ALARM_TYPE, ALARM_DATE, ACTIVE_YN) VALUES(SEQ_ALARM.NEXTVAL, 1, 3, 3, 'POST', TIMESTAMP '2023-11-29 14:03:00', 'N');
INSERT INTO ALARM (ALARM_NO, RECEIVER_NO, SENDER_NO, ALARM_TYPE, ALARM_DATE, ACTIVE_YN) VALUES(SEQ_ALARM.NEXTVAL, 1,  4, 'FOLLOW', TIMESTAMP '2023-11-29 14:04:00', 'N');
INSERT INTO ALARM (ALARM_NO, RECEIVER_NO, SENDER_NO, ALARM_TYPE, ALARM_DATE, ACTIVE_YN) VALUES(SEQ_ALARM.NEXTVAL, 5,  5, 'FOLLOW', TIMESTAMP '2023-11-29 14:05:00', 'N');
INSERT INTO ALARM (ALARM_NO, RECEIVER_NO, POST_NO, SENDER_NO, ALARM_TYPE, ALARM_DATE, ACTIVE_YN) VALUES(SEQ_ALARM.NEXTVAL, 1, 6, 6, 'REPL', TIMESTAMP '2023-11-29 14:06:00', 'Y');
INSERT INTO ALARM (ALARM_NO, RECEIVER_NO, POST_NO, SENDER_NO, ALARM_TYPE, ALARM_DATE, ACTIVE_YN) VALUES(SEQ_ALARM.NEXTVAL, 1, 7, 7, 'REPL', TIMESTAMP '2023-11-29 14:07:00', 'Y');
INSERT INTO ALARM (ALARM_NO, RECEIVER_NO, POST_NO, SENDER_NO, ALARM_TYPE, ALARM_DATE, ACTIVE_YN) VALUES(SEQ_ALARM.NEXTVAL, 1, 8, 8, 'REPL', TIMESTAMP '2023-11-29 14:08:00', 'Y');
INSERT INTO ALARM (ALARM_NO, RECEIVER_NO, POST_NO, SENDER_NO, ALARM_TYPE, ALARM_DATE, ACTIVE_YN) VALUES(SEQ_ALARM.NEXTVAL, 9, 9, 9, 'REPL', TIMESTAMP '2023-11-29 14:09:00', 'Y');
INSERT INTO ALARM (ALARM_NO, RECEIVER_NO, POST_NO, SENDER_NO, ALARM_TYPE, ALARM_DATE, ACTIVE_YN) VALUES(SEQ_ALARM.NEXTVAL, 10, 10, 3, 'HEART', TIMESTAMP '2023-11-29 14:10:00', 'N');
INSERT INTO ALARM (ALARM_NO, RECEIVER_NO, POST_NO, SENDER_NO, ALARM_TYPE, ALARM_DATE, ACTIVE_YN) VALUES(SEQ_ALARM.NEXTVAL, 1, 9, 6, 'HEART', TIMESTAMP '2023-11-29 14:10:00', 'N');
INSERT INTO ALARM (ALARM_NO, RECEIVER_NO, POST_NO, SENDER_NO, ALARM_TYPE, ALARM_DATE, ACTIVE_YN) VALUES(SEQ_ALARM.NEXTVAL, 11, 8, 7, 'HEART', TIMESTAMP '2023-11-29 14:10:00', 'N');
INSERT INTO ALARM (ALARM_NO, RECEIVER_NO, POST_NO, SENDER_NO, ALARM_TYPE, ALARM_DATE, ACTIVE_YN) VALUES(SEQ_ALARM.NEXTVAL, 11, 1, 8, 'HEART', TIMESTAMP '2023-11-29 14:10:00', 'N');
INSERT INTO ALARM (ALARM_NO, RECEIVER_NO, POST_NO, SENDER_NO, ALARM_TYPE, ALARM_DATE, ACTIVE_YN) VALUES(SEQ_ALARM.NEXTVAL, 1, 3, 1, 'HEART', TIMESTAMP '2023-11-29 14:10:00', 'N');
COMMIT;

--REPLY(댓글)
INSERT INTO REPLY (REPLY_NO, POST_NO, REPLY_MEM, PARENTS_NO, CON) VALUES(SEQ_REPLY_NO.NEXTVAL, 1, 1, NULL, '블로그 포스팅 내용이 재미있네요 ㅎㅎ');
INSERT INTO REPLY (REPLY_NO, POST_NO, REPLY_MEM, PARENTS_NO, CON) VALUES(SEQ_REPLY_NO.NEXTVAL, 1, 2, NULL, '블로그 포스팅 내용이 재미있네요 ㅎㅎ');
INSERT INTO REPLY (REPLY_NO, POST_NO, REPLY_MEM, PARENTS_NO, CON) VALUES(SEQ_REPLY_NO.NEXTVAL, 1, 3, NULL, '블로그 포스팅 내용이 재미있네요 ㅎㅎ');
INSERT INTO REPLY (REPLY_NO, POST_NO, REPLY_MEM, PARENTS_NO, CON) VALUES(SEQ_REPLY_NO.NEXTVAL, 1, 4, NULL, '블로그 포스팅 내용이 재미있네요 ㅎㅎ');
INSERT INTO REPLY (REPLY_NO, POST_NO, REPLY_MEM, PARENTS_NO, CON) VALUES(SEQ_REPLY_NO.NEXTVAL, 1, 5, NULL, '블로그 포스팅 내용이 재미있네요 ㅎㅎ');
INSERT INTO REPLY (REPLY_NO, POST_NO, REPLY_MEM, PARENTS_NO, CON) VALUES(SEQ_REPLY_NO.NEXTVAL, 2, 1, NULL, '블로그 포스팅 내용이 재미있네요 ㅎㅎ');
INSERT INTO REPLY (REPLY_NO, POST_NO, REPLY_MEM, PARENTS_NO, CON) VALUES(SEQ_REPLY_NO.NEXTVAL, 2, 2, NULL, '블로그 포스팅 내용이 재미있네요 ㅎㅎ');
INSERT INTO REPLY (REPLY_NO, POST_NO, REPLY_MEM, PARENTS_NO, CON) VALUES(SEQ_REPLY_NO.NEXTVAL, 2, 3, NULL, '블로그 포스팅 내용이 재미있네요 ㅎㅎ');
INSERT INTO REPLY (REPLY_NO, POST_NO, REPLY_MEM, PARENTS_NO, CON) VALUES(SEQ_REPLY_NO.NEXTVAL, 2, 4, NULL, '블로그 포스팅 내용이 재미있네요 ㅎㅎ');
INSERT INTO REPLY (REPLY_NO, POST_NO, REPLY_MEM, PARENTS_NO, CON) VALUES(SEQ_REPLY_NO.NEXTVAL, 2, 5, NULL, '블로그 포스팅 내용이 재미있네요 ㅎㅎ');
INSERT INTO REPLY (REPLY_NO, POST_NO, REPLY_MEM, PARENTS_NO, CON) VALUES(SEQ_REPLY_NO.NEXTVAL, 3, 1, NULL, '블로그 포스팅 내용이 재미있네요 ㅎㅎ');
INSERT INTO REPLY (REPLY_NO, POST_NO, REPLY_MEM, PARENTS_NO, CON) VALUES(SEQ_REPLY_NO.NEXTVAL, 3, 2, NULL, '블로그 포스팅 내용이 재미있네요 ㅎㅎ');
INSERT INTO REPLY (REPLY_NO, POST_NO, REPLY_MEM, PARENTS_NO, CON) VALUES(SEQ_REPLY_NO.NEXTVAL, 3, 3, NULL, '블로그 포스팅 내용이 재미있네요 ㅎㅎ');
INSERT INTO REPLY (REPLY_NO, POST_NO, REPLY_MEM, PARENTS_NO, CON) VALUES(SEQ_REPLY_NO.NEXTVAL, 3, 4, NULL, '블로그 포스팅 내용이 재미있네요 ㅎㅎ');
INSERT INTO REPLY (REPLY_NO, POST_NO, REPLY_MEM, PARENTS_NO, CON) VALUES(SEQ_REPLY_NO.NEXTVAL, 3, 5, NULL, '블로그 포스팅 내용이 재미있네요 ㅎㅎ');
INSERT INTO REPLY (REPLY_NO, POST_NO, REPLY_MEM, PARENTS_NO, CON) VALUES(SEQ_REPLY_NO.NEXTVAL, 4, 1, NULL, '블로그 포스팅 내용이 재미있네요 ㅎㅎ');
INSERT INTO REPLY (REPLY_NO, POST_NO, REPLY_MEM, PARENTS_NO, CON) VALUES(SEQ_REPLY_NO.NEXTVAL, 4, 2, NULL, '블로그 포스팅 내용이 재미있네요 ㅎㅎ');
INSERT INTO REPLY (REPLY_NO, POST_NO, REPLY_MEM, PARENTS_NO, CON) VALUES(SEQ_REPLY_NO.NEXTVAL, 4, 3, NULL, '블로그 포스팅 내용이 재미있네요 ㅎㅎ');
INSERT INTO REPLY (REPLY_NO, POST_NO, REPLY_MEM, PARENTS_NO, CON) VALUES(SEQ_REPLY_NO.NEXTVAL, 4, 4, NULL, '블로그 포스팅 내용이 재미있네요 ㅎㅎ');
INSERT INTO REPLY (REPLY_NO, POST_NO, REPLY_MEM, PARENTS_NO, CON) VALUES(SEQ_REPLY_NO.NEXTVAL, 4, 5, NULL, '블로그 포스팅 내용이 재미있네요 ㅎㅎ');
INSERT INTO REPLY (REPLY_NO, POST_NO, REPLY_MEM, PARENTS_NO, CON) VALUES(SEQ_REPLY_NO.NEXTVAL, 5, 1, NULL, '블로그 포스팅 내용이 재미있네요 ㅎㅎ');
INSERT INTO REPLY (REPLY_NO, POST_NO, REPLY_MEM, PARENTS_NO, CON) VALUES(SEQ_REPLY_NO.NEXTVAL, 5, 2, NULL, '블로그 포스팅 내용이 재미있네요 ㅎㅎ');
INSERT INTO REPLY (REPLY_NO, POST_NO, REPLY_MEM, PARENTS_NO, CON) VALUES(SEQ_REPLY_NO.NEXTVAL, 5, 3, NULL, '블로그 포스팅 내용이 재미있네요 ㅎㅎ');
INSERT INTO REPLY (REPLY_NO, POST_NO, REPLY_MEM, PARENTS_NO, CON) VALUES(SEQ_REPLY_NO.NEXTVAL, 5, 4, NULL, '블로그 포스팅 내용이 재미있네요 ㅎㅎ');
INSERT INTO REPLY (REPLY_NO, POST_NO, REPLY_MEM, PARENTS_NO, CON) VALUES(SEQ_REPLY_NO.NEXTVAL, 5, 5, NULL, '블로그 포스팅 내용이 재미있네요 ㅎㅎ');
INSERT INTO REPLY (REPLY_NO, POST_NO, REPLY_MEM, PARENTS_NO, CON) VALUES(SEQ_REPLY_NO.NEXTVAL, 1, 1, 1, '아닌데요? 전 재미없는데요?');
INSERT INTO REPLY (REPLY_NO, POST_NO, REPLY_MEM, PARENTS_NO, CON) VALUES(SEQ_REPLY_NO.NEXTVAL, 1, 2, 1, '아닌데요? 전 재미없는데요?');
INSERT INTO REPLY (REPLY_NO, POST_NO, REPLY_MEM, PARENTS_NO, CON) VALUES(SEQ_REPLY_NO.NEXTVAL, 1, 3, 1, '아닌데요? 전 재미없는데요?');
INSERT INTO REPLY (REPLY_NO, POST_NO, REPLY_MEM, PARENTS_NO, CON) VALUES(SEQ_REPLY_NO.NEXTVAL, 1, 4, 1, '아닌데요? 전 재미없는데요?');
INSERT INTO REPLY (REPLY_NO, POST_NO, REPLY_MEM, PARENTS_NO, CON) VALUES(SEQ_REPLY_NO.NEXTVAL, 1, 5, 1, '아닌데요? 전 재미없는데요?');
COMMIT;

--BLAME_REASON(신고 사유 목록)
INSERT INTO BLAME_REASON (BLA_LIST, BLA_REASON) VALUES (1, '스팸홍보 / 도배글입니다.');
INSERT INTO BLAME_REASON (BLA_LIST, BLA_REASON) VALUES (2, '음란물입니다.');
INSERT INTO BLAME_REASON (BLA_LIST, BLA_REASON) VALUES (3, '불법 정보를 포함하고 있습니다.');
INSERT INTO BLAME_REASON (BLA_LIST, BLA_REASON) VALUES (4, '청소년에게 유해한 내용입니다.');
INSERT INTO BLAME_REASON (BLA_LIST, BLA_REASON) VALUES (5, '욕설 / 생명경시 / 혐오 / 차별적 표현입니다.');
INSERT INTO BLAME_REASON (BLA_LIST, BLA_REASON) VALUES (6, '개인정보 노출 위험이 있습니다.');
INSERT INTO BLAME_REASON (BLA_LIST, BLA_REASON) VALUES (7, '불쾌한 표현이 있습니다.');
COMMIT;


--REPLY_BLAME(댓글 신고 이력)
INSERT INTO REPLY_BLAME (R_BLA_NO, R_NO, R_BLAMER_NO, R_WRITER_NO, R_BLA_CON, R_BLA_DATE, R_BLA_LIST, R_BLA_DETAIL) VALUES(SEQ_REPLY_BLAME.NEXTVAL, 1, 2, 1, '신고 당한 댓글 내용1', SYSDATE, 1,  '마음에 안 들어요1');
INSERT INTO REPLY_BLAME (R_BLA_NO, R_NO, R_BLAMER_NO, R_WRITER_NO, R_BLA_CON, R_BLA_DATE, R_BLA_LIST,  R_BLA_DETAIL) VALUES(SEQ_REPLY_BLAME.NEXTVAL, 2, 3, 2, '신고 당한 댓글 내용2', SYSDATE, 2,  '마음에 안 들어요2');
INSERT INTO REPLY_BLAME (R_BLA_NO, R_NO, R_BLAMER_NO, R_WRITER_NO, R_BLA_CON, R_BLA_DATE, R_BLA_LIST,  R_BLA_DETAIL) VALUES(SEQ_REPLY_BLAME.NEXTVAL, 3, 4, 3, '신고 당한 댓글 내용3', SYSDATE, 3, '마음에 안 들어요3');
INSERT INTO REPLY_BLAME (R_BLA_NO, R_NO, R_BLAMER_NO, R_WRITER_NO, R_BLA_CON, R_BLA_DATE, R_BLA_LIST,  R_BLA_DETAIL) VALUES(SEQ_REPLY_BLAME.NEXTVAL, 4, 5, 4, '신고 당한 댓글 내용4', SYSDATE, 4,  '마음에 안 들어요4');
INSERT INTO REPLY_BLAME (R_BLA_NO, R_NO, R_BLAMER_NO, R_WRITER_NO, R_BLA_CON, R_BLA_DATE, R_BLA_LIST,  R_BLA_DETAIL) VALUES(SEQ_REPLY_BLAME.NEXTVAL, 5, 6, 5, '신고 당한 댓글 내용5', SYSDATE, 5,  '마음에 안 들어요5');
INSERT INTO REPLY_BLAME (R_BLA_NO, R_NO, R_BLAMER_NO, R_WRITER_NO, R_BLA_CON, R_BLA_DATE, R_BLA_LIST,  R_BLA_DETAIL) VALUES(SEQ_REPLY_BLAME.NEXTVAL, 6, 7, 6, '신고 당한 댓글 내용6', SYSDATE, 6,  '마음에 안 들어요6');
INSERT INTO REPLY_BLAME (R_BLA_NO, R_NO, R_BLAMER_NO, R_WRITER_NO, R_BLA_CON, R_BLA_DATE, R_BLA_LIST,  R_BLA_DETAIL) VALUES(SEQ_REPLY_BLAME.NEXTVAL, 7, 8, 7, '신고 당한 댓글 내용7', SYSDATE, 7,  '마음에 안 들어요7');
INSERT INTO REPLY_BLAME (R_BLA_NO, R_NO, R_BLAMER_NO, R_WRITER_NO, R_BLA_CON, R_BLA_DATE, R_BLA_LIST,  R_BLA_DETAIL) VALUES(SEQ_REPLY_BLAME.NEXTVAL, 8, 9, 8, '신고 당한 댓글 내용8', SYSDATE, 1, '마음에 안 들어요8');
INSERT INTO REPLY_BLAME (R_BLA_NO, R_NO, R_BLAMER_NO, R_WRITER_NO, R_BLA_CON, R_BLA_DATE, R_BLA_LIST,   R_BLA_DETAIL) VALUES(SEQ_REPLY_BLAME.NEXTVAL, 9, 10, 9, '신고 당한 댓글 내용9', SYSDATE, 2, '마음에 안 들어요9');
INSERT INTO REPLY_BLAME (R_BLA_NO, R_NO, R_BLAMER_NO, R_WRITER_NO, R_BLA_CON, R_BLA_DATE, R_BLA_LIST,   R_BLA_DETAIL) VALUES(SEQ_REPLY_BLAME.NEXTVAL, 10, 1, 10, '신고 당한 댓글 내용10', SYSDATE, 3, '마음에 안 들어요10');
COMMIT;


--POST_BLAME(포스트 신고 이력)
INSERT INTO POST_BLAME (P_BLA_NO, P_NO, P_BLAMER_NO, P_WRITER_NO, P_BLA_TIT, P_BLA_LIST, P_BLA_DETAIL)
VALUES (SEQ_POST_BLAME.NEXTVAL, 1,3,1,'신고 당한 포스트 제목1 ', 1, '신고 상세 내용1 ');
INSERT INTO POST_BLAME (P_BLA_NO, P_NO, P_BLAMER_NO, P_WRITER_NO, P_BLA_TIT, P_BLA_LIST, P_BLA_DETAIL)
VALUES (SEQ_POST_BLAME.NEXTVAL, 2,4,2,'신고 당한 포스트 제목2 ', 1, '신고 상세 내용2 ');
INSERT INTO POST_BLAME (P_BLA_NO, P_NO, P_BLAMER_NO, P_WRITER_NO, P_BLA_TIT, P_BLA_LIST, P_BLA_DETAIL)
VALUES (SEQ_POST_BLAME.NEXTVAL, 3,5,3,'신고 당한 포스트 제목3 ', 1, '신고 상세 내용3 ');
INSERT INTO POST_BLAME (P_BLA_NO, P_NO, P_BLAMER_NO, P_WRITER_NO, P_BLA_TIT, P_BLA_LIST, P_BLA_DETAIL)
VALUES (SEQ_POST_BLAME.NEXTVAL, 4,6,4,'신고 당한 포스트 제목4 ', 1, '신고 상세 내용4 ');
INSERT INTO POST_BLAME (P_BLA_NO, P_NO, P_BLAMER_NO, P_WRITER_NO, P_BLA_TIT, P_BLA_LIST, P_BLA_DETAIL)
VALUES (SEQ_POST_BLAME.NEXTVAL, 5,7,5,'신고 당한 포스트 제목5 ', 1, '신고 상세 내용5 ');
INSERT INTO POST_BLAME (P_BLA_NO, P_NO, P_BLAMER_NO, P_WRITER_NO, P_BLA_TIT, P_BLA_LIST, P_BLA_DETAIL)
VALUES (SEQ_POST_BLAME.NEXTVAL, 6,8,6,'신고 당한 포스트 제목6 ', 1, '신고 상세 내용6 ');
INSERT INTO POST_BLAME (P_BLA_NO, P_NO, P_BLAMER_NO, P_WRITER_NO, P_BLA_TIT, P_BLA_LIST, P_BLA_DETAIL)
VALUES (SEQ_POST_BLAME.NEXTVAL, 7,9,7,'신고 당한 포스트 제목7 ', 1, '신고 상세 내용7 ');
INSERT INTO POST_BLAME (P_BLA_NO, P_NO, P_BLAMER_NO, P_WRITER_NO, P_BLA_TIT, P_BLA_LIST, P_BLA_DETAIL)
VALUES (SEQ_POST_BLAME.NEXTVAL, 8,10, 8,'신고 당한 포스트 제목8 ', 1, '신고 상세 내용8 ');
INSERT INTO POST_BLAME (P_BLA_NO, P_NO, P_BLAMER_NO, P_WRITER_NO, P_BLA_TIT, P_BLA_LIST, P_BLA_DETAIL)
VALUES (SEQ_POST_BLAME.NEXTVAL, 9,1,9,'신고 당한 포스트 제목9 ', 1, '신고 상세 내용9 ');
INSERT INTO POST_BLAME (P_BLA_NO, P_NO, P_BLAMER_NO, P_WRITER_NO, P_BLA_TIT, P_BLA_LIST, P_BLA_DETAIL)
VALUES (SEQ_POST_BLAME.NEXTVAL, 10,2,10,'신고 당한 포스트 제목10 ', 1, '신고 상세 내용10 ');
COMMIT;


--POST_SANCTIONS(포스트 신고 제제 이력)
INSERT INTO POST_SANCTIONS (P_SANC_NO, P_BLA_NO, BAN_DAY, SANC_DATE)VALUES (SEQ_POST_SANCTIONS.NEXTVAL, 1, 1, SYSDATE);
INSERT INTO POST_SANCTIONS (P_SANC_NO, P_BLA_NO, BAN_DAY, SANC_DATE)VALUES (SEQ_POST_SANCTIONS.NEXTVAL, 2, 1, SYSDATE);
INSERT INTO POST_SANCTIONS (P_SANC_NO, P_BLA_NO, BAN_DAY, SANC_DATE)VALUES (SEQ_POST_SANCTIONS.NEXTVAL, 3, 1, SYSDATE);
INSERT INTO POST_SANCTIONS (P_SANC_NO, P_BLA_NO, BAN_DAY, SANC_DATE)VALUES (SEQ_POST_SANCTIONS.NEXTVAL, 4, 3, SYSDATE);
INSERT INTO POST_SANCTIONS (P_SANC_NO, P_BLA_NO, BAN_DAY, SANC_DATE)VALUES (SEQ_POST_SANCTIONS.NEXTVAL, 5, 3, SYSDATE);
INSERT INTO POST_SANCTIONS (P_SANC_NO, P_BLA_NO, BAN_DAY, SANC_DATE)VALUES (SEQ_POST_SANCTIONS.NEXTVAL, 6, 3, SYSDATE);
INSERT INTO POST_SANCTIONS (P_SANC_NO, P_BLA_NO, BAN_DAY, SANC_DATE)VALUES (SEQ_POST_SANCTIONS.NEXTVAL, 7, 7, SYSDATE);
INSERT INTO POST_SANCTIONS (P_SANC_NO, P_BLA_NO, BAN_DAY, SANC_DATE)VALUES (SEQ_POST_SANCTIONS.NEXTVAL, 8, 7, SYSDATE);
INSERT INTO POST_SANCTIONS (P_SANC_NO, P_BLA_NO, BAN_DAY, SANC_DATE)VALUES (SEQ_POST_SANCTIONS.NEXTVAL, 9, 7, SYSDATE);
INSERT INTO POST_SANCTIONS (P_SANC_NO, P_BLA_NO, BAN_DAY, SANC_DATE)VALUES (SEQ_POST_SANCTIONS.NEXTVAL, 10, 30, SYSDATE);
INSERT INTO POST_SANCTIONS (P_SANC_NO, P_BLA_NO, BAN_DAY, SANC_DATE)VALUES (SEQ_POST_SANCTIONS.NEXTVAL, 1, 30, SYSDATE);
INSERT INTO POST_SANCTIONS (P_SANC_NO, P_BLA_NO, BAN_DAY, SANC_DATE)VALUES (SEQ_POST_SANCTIONS.NEXTVAL, 1, 30, SYSDATE);
INSERT INTO POST_SANCTIONS (P_SANC_NO, P_BLA_NO, BAN_DAY, SANC_DATE)VALUES (SEQ_POST_SANCTIONS.NEXTVAL, 1, 30, SYSDATE);
COMMIT;

--REPLY_SANC(댓글 신고 제재 이력)
INSERT INTO REPLY_SANCTIONS (R_SANC_NO, R_BLA_NO, BAN_DAY, SANC_DATE)VALUES (SEQ_REPLY_SANCTIONS.NEXTVAL, 1, 1,SYSDATE);
INSERT INTO REPLY_SANCTIONS (R_SANC_NO, R_BLA_NO, BAN_DAY, SANC_DATE) VALUES (SEQ_REPLY_SANCTIONS.NEXTVAL, 2, 1,SYSDATE);
INSERT INTO REPLY_SANCTIONS (R_SANC_NO, R_BLA_NO, BAN_DAY, SANC_DATE) VALUES (SEQ_REPLY_SANCTIONS.NEXTVAL, 3, 1,SYSDATE);
INSERT INTO REPLY_SANCTIONS (R_SANC_NO, R_BLA_NO, BAN_DAY, SANC_DATE) VALUES (SEQ_REPLY_SANCTIONS.NEXTVAL, 4, 3,SYSDATE);
INSERT INTO REPLY_SANCTIONS (R_SANC_NO, R_BLA_NO, BAN_DAY, SANC_DATE) VALUES (SEQ_REPLY_SANCTIONS.NEXTVAL, 5, 3,SYSDATE);
INSERT INTO REPLY_SANCTIONS (R_SANC_NO, R_BLA_NO, BAN_DAY, SANC_DATE) VALUES (SEQ_REPLY_SANCTIONS.NEXTVAL, 6, 3,SYSDATE);
INSERT INTO REPLY_SANCTIONS (R_SANC_NO, R_BLA_NO, BAN_DAY, SANC_DATE) VALUES (SEQ_REPLY_SANCTIONS.NEXTVAL, 7, 7,SYSDATE);
INSERT INTO REPLY_SANCTIONS (R_SANC_NO, R_BLA_NO, BAN_DAY, SANC_DATE) VALUES (SEQ_REPLY_SANCTIONS.NEXTVAL, 8, 7,SYSDATE);
INSERT INTO REPLY_SANCTIONS (R_SANC_NO, R_BLA_NO, BAN_DAY, SANC_DATE) VALUES (SEQ_REPLY_SANCTIONS.NEXTVAL, 9, 7,SYSDATE);
INSERT INTO REPLY_SANCTIONS (R_SANC_NO, R_BLA_NO, BAN_DAY, SANC_DATE) VALUES (SEQ_REPLY_SANCTIONS.NEXTVAL, 10, 30,SYSDATE);
INSERT INTO REPLY_SANCTIONS (R_SANC_NO, R_BLA_NO, BAN_DAY, SANC_DATE) VALUES (SEQ_REPLY_SANCTIONS.NEXTVAL, 1, 30,SYSDATE);
INSERT INTO REPLY_SANCTIONS (R_SANC_NO, R_BLA_NO, BAN_DAY, SANC_DATE) VALUES (SEQ_REPLY_SANCTIONS.NEXTVAL, 2, 30,SYSDATE);
INSERT INTO REPLY_SANCTIONS (R_SANC_NO, R_BLA_NO, BAN_DAY, SANC_DATE) VALUES (SEQ_REPLY_SANCTIONS.NEXTVAL, 3, 30,SYSDATE);
COMMIT;